ID,#knockouts (pFBA),R_biomass_SC5_notrace (pFBA),R_EX_fum_e_ (pFBA),R_EX_glc_e_ (pFBA),BPCY (pFBA),CYIELD (pFBA),FVA~min~R_EX_fum_e_ (pFBA),FVA~max~R_EX_fum_e_ (pFBA),SOLUTION
sol_0#[iMM904_peroxisome#glucose_aerobic#NONE#criticals_glucose_aerobic#BASE#fumarate#SPEA2GK_K20#PFBA#BPCY],6.0,0.07271264431919962,0.24640619643535588,-1.15,0.015579866190826842,0.14284417184658313,0.24632648394917556,0.24649677703488138,YAL038W YER081W YLR377C YIL074C YPL262W YOR347C 
sol_1#[iMM904_peroxisome#glucose_aerobic#NONE#criticals_glucose_aerobic#BASE#fumarate#SPEA2GK_K20#PFBA#BPCY],7.0,0.060990493344346954,0.7886658897895729,-1.15,0.041827062349673406,0.4571976172693176,0.7884853331308815,0.7888673335462074,YOR375C YAL062W YHR104W YER081W YKR080W YIL074C YPL262W 
sol_2#[iMM904_peroxisome#glucose_aerobic#NONE#criticals_glucose_aerobic#BASE#fumarate#SPEA2GK_K20#PFBA#BPCY],8.0,0.06402250444520498,0.11833890425360497,-1.15,0.006588133064014879,0.06860226333542317,0.11805192017683404,0.6604491444818481,YOR375C YHR208W YAL062W YNL037C YER081W YKR080W YIL074C YPL262W 
sol_3#[iMM904_peroxisome#glucose_aerobic#NONE#criticals_glucose_aerobic#BASE#fumarate#SPEA2GK_K20#PFBA#BPCY],8.0,0.064022504446143,0.1183389046742954,-1.15,0.006588133087531975,0.06860226357930169,0.1180519214565118,0.6604491440160629,YOR375C YHR208W YAL062W YER081W YKR080W YOR136W YIL074C YPL262W 
sol_4#[iMM904_peroxisome#glucose_aerobic#NONE#criticals_glucose_aerobic#BASE#fumarate#SPEA2GK_K20#PFBA#BPCY],6.0,0.0646961636426616,0.7621478951259184,-1.15,0.04287656081997958,0.44182486673966287,0.7620744186073262,0.7622285407580256,YOR375C YAL062W YJL121C YER081W YIL074C YPL262W 
sol_5#[iMM904_peroxisome#glucose_aerobic#NONE#criticals_glucose_aerobic#BASE#fumarate#SPEA2GK_K20#PFBA#BPCY],8.0,0.06082184968450613,0.7912063586949688,-1.15,0.04184576888519203,0.4586703528666486,0.791025776764996,0.7914077501845186,YOR375C YAL062W YLR303W YER081W YKR080W YIL074C YJR159W YPL262W 
sol_6#[iMM904_peroxisome#glucose_aerobic#NONE#criticals_glucose_aerobic#BASE#fumarate#SPEA2GK_K20#PFBA#BPCY],12.0,0.05670984329841813,0.9033015481444285,-1.15,0.04454442543172961,0.5236530713880746,0.9024175374123536,0.9035285157104661,YLR134W YGR087C YLR044C YFR053C YER073W YKR080W YBR006W YGL253W YBL015W YDL215C YPL262W YOR374W 
sol_7#[iMM904_peroxisome#glucose_aerobic#NONE#criticals_glucose_aerobic#BASE#fumarate#SPEA2GK_K20#PFBA#BPCY],9.0,0.06939441239015817,0.11274375964308511,-1.15,0.006803293000947061,0.06535870124236819,0.11252825419548496,0.5956395967506904,YNL037C YER081W YKR080W YBL015W YIL074C YLR142W YDL215C YPL262W YOR374W 
sol_8#[iMM904_peroxisome#glucose_aerobic#NONE#criticals_glucose_aerobic#BASE#fumarate#SPEA2GK_K20#PFBA#BPCY],9.0,0.06939441229830921,0.11274373111992178,-1.15,0.006803291270770059,0.06535868470720103,0.11252824937745497,0.5956396020294545,YER081W YKR080W YBL015W YOR136W YIL074C YLR142W YDL215C YPL262W YOR374W 
sol_9#[iMM904_peroxisome#glucose_aerobic#NONE#criticals_glucose_aerobic#BASE#fumarate#SPEA2GK_K20#PFBA#BPCY],8.0,0.06320045587814521,0.030648403672927527,-1.15,0.001684341812231687,0.017767190535030453,0.03045383389001272,0.7173922960847803,YNL037C YHR104W YKR080W YBL015W YLR142W YDL215C YPL262W YOR374W 
sol_10#[iMM904_peroxisome#glucose_aerobic#NONE#criticals_glucose_aerobic#BASE#fumarate#SPEA2GK_K20#PFBA#BPCY],8.0,0.06320045475302895,0.030648057316849945,-1.15,0.0016843227475841851,0.01776698974889852,0.030453493625694973,0.717392411506611,YHR104W YKR080W YBL015W YOR136W YLR142W YDL215C YPL262W YOR374W 
sol_11#[iMM904_peroxisome#glucose_aerobic#NONE#criticals_glucose_aerobic#BASE#fumarate#SPEA2GK_K20#PFBA#BPCY],10.0,0.09019336466662965,0.1409525431583541,-1.15,0.01105476880501764,0.08171161922223426,0.14066961493053198,0.14099571522015847,YKL029C YHR208W YPL061W YER081W YDR035W YBL015W YIL074C YEL046C YPL262W YOR374W 
sol_12#[iMM904_peroxisome#glucose_aerobic#NONE#criticals_glucose_aerobic#BASE#fumarate#SPEA2GK_K20#PFBA#BPCY],11.0,0.0800186906409202,0.42175925246380264,-1.15,0.029346628824214595,0.2444981173703204,0.4215936087044154,0.4217969330506876,YKL029C YPL061W YNL277W YGR043C YLR377C YLR354C YBL015W YLR142W YGR244C YPL262W YOR374W 
sol_13#[iMM904_peroxisome#glucose_aerobic#NONE#criticals_glucose_aerobic#BASE#fumarate#SPEA2GK_K20#PFBA#BPCY],11.0,0.08001869057663867,0.42175925281786375,-1.15,0.02934662882527562,0.24449811757557322,0.42159360577932975,0.4217969329208564,YKL029C YPL061W YNL277W YOR142W YGR043C YLR377C YLR354C YBL015W YLR142W YPL262W YOR374W 
sol_14#[iMM904_peroxisome#glucose_aerobic#NONE#criticals_glucose_aerobic#BASE#fumarate#SPEA2GK_K20#PFBA#BPCY],7.0,0.054480004517353846,0.8271538622423243,-1.15,0.0391855183926161,0.47950948535786925,0.8269095729974295,0.8274196026704124,YPL061W YER081W YBR006W YIL074C YLR174W YNL241C YPL262W 
sol_15#[iMM904_peroxisome#glucose_aerobic#NONE#criticals_glucose_aerobic#BASE#fumarate#SPEA2GK_K20#PFBA#BPCY],10.0,0.04044287808014915,0.41072185550514495,-1.15,0.014444151240910624,0.2380996263797942,0.4101936579962533,0.9819990822105649,YBR011C YOL151W YDR050C YHR104W YER081W YKR080W YIL074C YLR142W YDL215C YPL262W 
sol_16#[iMM904_peroxisome#glucose_aerobic#NONE#criticals_glucose_aerobic#BASE#fumarate#SPEA2GK_K20#PFBA#BPCY],9.0,0.08521875663439629,0.20733347465791271,-1.15,0.01536408775568386,0.12019331864226825,0.20713713260327005,0.20736286649000454,YBR011C YDR050C YLR438W YNL104C YLR058C YLR303W YER081W YIL074C YPL262W 
sol_17#[iMM904_peroxisome#glucose_aerobic#NONE#criticals_glucose_aerobic#BASE#fumarate#SPEA2GK_K20#PFBA#BPCY],6.0,0.07686788935713065,0.5030776217377406,-1.15,0.03362653475285659,0.2916392010073859,0.5029940431040272,0.5031855022535968,YKL029C YBR196C YDR148C YDR035W YDR111C YPL262W 
sol_18#[iMM904_peroxisome#glucose_aerobic#NONE#criticals_glucose_aerobic#BASE#fumarate#SPEA2GK_K20#PFBA#BPCY],6.0,0.07686789038654362,0.5030777122194764,-1.15,0.03362654125113031,0.2916392534605661,0.5029941472369417,0.5031854755011416,YKL029C YBR196C YDR035W YDR111C YPL262W YIL125W 
sol_19#[iMM904_peroxisome#glucose_aerobic#NONE#criticals_glucose_aerobic#BASE#fumarate#SPEA2GK_K20#PFBA#BPCY],9.0,0.07559264615267759,0.5340846059671241,-1.15,0.035106842290839185,0.30961426432876765,0.5340006889148524,0.5341924001081916,YKL029C YBR196C YLR438W YLR303W YDR148C YER081W YDR035W YIL074C YPL262W 
sol_20#[iMM904_peroxisome#glucose_aerobic#NONE#criticals_glucose_aerobic#BASE#fumarate#SPEA2GK_K20#PFBA#BPCY],6.0,0.07701504707502452,0.5022062303664643,-1.15,0.033632553454820746,0.2911340465892547,0.5021226610262836,0.5023140929105496,YKL029C YBR196C YLR438W YDR148C YDR035W YPL262W 
sol_21#[iMM904_peroxisome#glucose_aerobic#NONE#criticals_glucose_aerobic#BASE#fumarate#SPEA2GK_K20#PFBA#BPCY],8.0,0.07561254381003468,0.5339733297268935,-1.15,0.03510876677162159,0.30954975636341653,0.5338894715724658,0.5340806691179797,YKL029C YBR196C YLR303W YER081W YDR035W YIL074C YGR244C YPL262W 
sol_22#[iMM904_peroxisome#glucose_aerobic#NONE#criticals_glucose_aerobic#BASE#fumarate#SPEA2GK_K20#PFBA#BPCY],9.0,0.07559264609716705,0.5340846009828973,-1.15,0.035106841937432035,0.3096142614393608,0.5340006915577045,0.5341924020637587,YKL029C YBR196C YLR438W YLR303W YER081W YDR035W YIL074C YPL262W YIL125W 
sol_23#[iMM904_peroxisome#glucose_aerobic#NONE#criticals_glucose_aerobic#BASE#fumarate#SPEA2GK_K20#PFBA#BPCY],8.0,0.07561254272064238,0.5339732319383536,-1.15,0.03510875983618978,0.3095496996744079,0.533889356473004,0.5340806972573631,YKL029C YBR196C YOR142W YLR303W YER081W YDR035W YIL074C YPL262W 
sol_24#[iMM904_peroxisome#glucose_aerobic#NONE#criticals_glucose_aerobic#BASE#fumarate#SPEA2GK_K20#PFBA#BPCY],6.0,0.07701504851829818,0.5022063569663697,-1.15,0.033632562563445864,0.2911341199805042,0.502122799673922,0.5023140558028449,YKL029C YBR196C YLR438W YDR035W YPL262W YIL125W 
sol_25#[iMM904_peroxisome#glucose_aerobic#NONE#criticals_glucose_aerobic#BASE#fumarate#SPEA2GK_K20#PFBA#BPCY],8.0,0.07581872784742388,0.5308941862219403,-1.15,0.03500149723560076,0.30776474563590744,0.530810326270182,0.5310017633493783,YKL029C YBR196C YHR208W YDR300C YDR148C YER081W YIL074C YPL262W 
sol_26#[iMM904_peroxisome#glucose_aerobic#NONE#criticals_glucose_aerobic#BASE#fumarate#SPEA2GK_K20#PFBA#BPCY],7.0,0.07672516767963841,0.5039226690664953,-1.15,0.03362047937538938,0.2921290835168089,0.5038390777931596,0.5040306612690775,YKL029C YBR196C YHR208W YNL104C YDR300C YDR148C YPL262W 
sol_27#[iMM904_peroxisome#glucose_aerobic#NONE#criticals_glucose_aerobic#BASE#fumarate#SPEA2GK_K20#PFBA#BPCY],7.0,0.07581872784742388,0.5308941862219403,-1.15,0.03500149723560076,0.30776474563590744,0.530810326270182,0.5310017633493783,YKL029C YBR196C YHR208W YDR148C YER081W YIL074C YPL262W 
sol_28#[iMM904_peroxisome#glucose_aerobic#NONE#criticals_glucose_aerobic#BASE#fumarate#SPEA2GK_K20#PFBA#BPCY],7.0,0.07583835699231946,0.5307834534090998,-1.15,0.035003256543700415,0.30770055270092744,0.5306995904713754,0.5308911371909284,YKL029C YBR196C YDR148C YER081W YIL074C YLR142W YPL262W 
sol_29#[iMM904_peroxisome#glucose_aerobic#NONE#criticals_glucose_aerobic#BASE#fumarate#SPEA2GK_K20#PFBA#BPCY],8.0,0.07563455626082255,0.533921618174354,-1.15,0.0351155866684153,0.30951977865179947,0.5337657734633497,0.5339571836151418,YKL029C YBR196C YLR438W YNL277W YDR148C YER081W YIL074C YPL262W 
sol_30#[iMM904_peroxisome#glucose_aerobic#NONE#criticals_glucose_aerobic#BASE#fumarate#SPEA2GK_K20#PFBA#BPCY],7.0,0.07581209492316462,0.5310035505869141,-1.15,0.03500564485359355,0.3078281452677763,0.5308475607498453,0.5310391775431011,YKL029C YBR196C YLR438W YDR148C YER081W YIL074C YPL262W 
sol_31#[iMM904_peroxisome#glucose_aerobic#NONE#criticals_glucose_aerobic#BASE#fumarate#SPEA2GK_K20#PFBA#BPCY],6.0,0.07583835862120591,0.5307835991210396,-1.15,0.035003266904692,0.30770063717161716,0.5306997538546036,0.5308910958144009,YKL029C YBR196C YDR148C YER081W YIL074C YPL262W 
sol_32#[iMM904_peroxisome#glucose_aerobic#NONE#criticals_glucose_aerobic#BASE#fumarate#SPEA2GK_K20#PFBA#BPCY],5.0,0.07708567922801807,0.5017879294471514,-1.15,0.033635359452047375,0.2908915533026965,0.5017043632055881,0.5018958466412726,YKL029C YBR196C YDR148C YLR142W YPL262W 
sol_33#[iMM904_peroxisome#glucose_aerobic#NONE#criticals_glucose_aerobic#BASE#fumarate#SPEA2GK_K20#PFBA#BPCY],6.0,0.07698746983713993,0.5024415090718325,-1.15,0.033636261325734586,0.29127044004164204,0.5022858106047587,0.5024774199616082,YKL029C YBR196C YLR438W YLR303W YDR148C YPL262W 
sol_34#[iMM904_peroxisome#glucose_aerobic#NONE#criticals_glucose_aerobic#BASE#fumarate#SPEA2GK_K20#PFBA#BPCY],7.0,0.07691298167597133,0.5028826008982391,-1.15,0.03363321762439223,0.29152614544825456,0.5027269680848493,0.5029184951990486,YKL029C YBR196C YLR438W YPL061W YNL277W YDR148C YPL262W 
sol_35#[iMM904_peroxisome#glucose_aerobic#NONE#criticals_glucose_aerobic#BASE#fumarate#SPEA2GK_K20#PFBA#BPCY],5.0,0.07705854692310875,0.5020206163934003,-1.15,0.03363911236932071,0.2910264442860292,0.5018650379206392,0.5020565112940959,YKL029C YBR196C YLR438W YDR148C YPL262W 
sol_36#[iMM904_peroxisome#glucose_aerobic#NONE#criticals_glucose_aerobic#BASE#fumarate#SPEA2GK_K20#PFBA#BPCY],4.0,0.07708567772923466,0.5017877981068106,-1.15,0.03363534999419467,0.2908914771633685,0.5017042247147794,0.501895883452857,YKL029C YBR196C YDR148C YPL262W 
sol_37#[iMM904_peroxisome#glucose_aerobic#NONE#criticals_glucose_aerobic#BASE#fumarate#SPEA2GK_K20#PFBA#BPCY],8.0,0.07581872698527867,0.5308941090773841,-1.15,0.035001491751505166,0.3077647009144256,0.5308102494840191,0.5310017837719508,YKL029C YBR196C YHR208W YDR300C YER081W YIL074C YPL262W YIL125W 
sol_38#[iMM904_peroxisome#glucose_aerobic#NONE#criticals_glucose_aerobic#BASE#fumarate#SPEA2GK_K20#PFBA#BPCY],7.0,0.0767251700284268,0.503922875926385,-1.15,0.03362049420579627,0.2921292034355855,0.503839300107956,0.5040306015405199,YKL029C YBR196C YHR208W YNL104C YDR300C YPL262W YIL125W 
sol_39#[iMM904_peroxisome#glucose_aerobic#NONE#criticals_glucose_aerobic#BASE#fumarate#SPEA2GK_K20#PFBA#BPCY],7.0,0.06363720527040688,0.0634832032336449,-1.15,0.003512950987306451,0.03680185694704052,0.06334359151466656,0.5337725856706808,YKL029C YBR196C YER081W YIL074C YLR142W YFL018C YPL262W 
sol_40#[iMM904_peroxisome#glucose_aerobic#NONE#criticals_glucose_aerobic#BASE#fumarate#SPEA2GK_K20#PFBA#BPCY],7.0,0.06363720839918577,0.06348320635485638,-1.15,0.003512951332741313,0.03680185875643848,0.06334394841751667,0.5337725094073319,YKL029C YBR196C YLR438W YER081W YIL074C YFL018C YPL262W 
sol_41#[iMM904_peroxisome#glucose_aerobic#NONE#criticals_glucose_aerobic#BASE#fumarate#SPEA2GK_K20#PFBA#BPCY],8.0,0.07564115518899468,0.5338124770993734,-1.15,0.035111471671387284,0.3094565084634049,0.5337285798751612,0.533920181649253,YKL029C YBR196C YHR208W YLR303W YER081W YIL074C YGR244C YPL262W 
sol_42#[iMM904_peroxisome#glucose_aerobic#NONE#criticals_glucose_aerobic#BASE#fumarate#SPEA2GK_K20#PFBA#BPCY],7.0,0.07583836075835916,0.5307837903000252,-1.15,0.03500328049866311,0.3077007480000146,0.5306999720248116,0.530891038707948,YKL029C YBR196C YER081W YIL074C YLR142W YGR244C YPL262W 
sol_43#[iMM904_peroxisome#glucose_aerobic#NONE#criticals_glucose_aerobic#BASE#fumarate#SPEA2GK_K20#PFBA#BPCY],8.0,0.07563455729817241,0.5339216123534243,-1.15,0.035115586767197976,0.3095197752773474,0.5337658785918832,0.533957156495651,YKL029C YBR196C YLR438W YLR303W YER081W YIL074C YGR244C YPL262W 
sol_44#[iMM904_peroxisome#glucose_aerobic#NONE#criticals_glucose_aerobic#BASE#fumarate#SPEA2GK_K20#PFBA#BPCY],7.0,0.07581872262076057,0.5308937185422127,-1.15,0.0350014639889184,0.3077644745172248,0.530809832400438,0.5310018963175677,YKL029C YBR196C YHR208W YER081W YIL074C YPL262W YIL125W 
sol_45#[iMM904_peroxisome#glucose_aerobic#NONE#criticals_glucose_aerobic#BASE#fumarate#SPEA2GK_K20#PFBA#BPCY],8.0,0.07564115518899468,0.5338124770993208,-1.15,0.03511147167138382,0.3094565084633744,0.5337285706783508,0.5339201876423875,YKL029C YBR196C YHR208W YOR142W YLR303W YER081W YIL074C YPL262W 
sol_46#[iMM904_peroxisome#glucose_aerobic#NONE#criticals_glucose_aerobic#BASE#fumarate#SPEA2GK_K20#PFBA#BPCY],7.0,0.07583836075835916,0.5307837903000252,-1.15,0.03500328049866311,0.3077007480000146,0.5306999931796259,0.530891038707948,YKL029C YBR196C YER081W YIL074C YLR142W YPL262W YIL125W 
sol_47#[iMM904_peroxisome#glucose_aerobic#NONE#criticals_glucose_aerobic#BASE#fumarate#SPEA2GK_K20#PFBA#BPCY],8.0,0.07563455729817241,0.5339216123534243,-1.15,0.035115586767197976,0.3095197752773474,0.533765882106653,0.533957156495651,YKL029C YBR196C YLR438W YNL277W YER081W YIL074C YPL262W YIL125W 
sol_48#[iMM904_peroxisome#glucose_aerobic#NONE#criticals_glucose_aerobic#BASE#fumarate#SPEA2GK_K20#PFBA#BPCY],7.0,0.07581209563092398,0.5310035465974888,-1.15,0.0350056449173988,0.307828142955066,0.5308476209242643,0.531039158094965,YKL029C YBR196C YLR438W YER081W YIL074C YPL262W YIL125W 
sol_49#[iMM904_peroxisome#glucose_aerobic#NONE#criticals_glucose_aerobic#BASE#fumarate#SPEA2GK_K20#PFBA#BPCY],6.0,0.07583836075835916,0.5307837903000252,-1.15,0.03500328049866311,0.3077007480000146,0.5306999931796259,0.530891038707948,YKL029C YBR196C YER081W YIL074C YPL262W YIL125W 
sol_50#[iMM904_peroxisome#glucose_aerobic#NONE#criticals_glucose_aerobic#BASE#fumarate#SPEA2GK_K20#PFBA#BPCY],7.0,0.06471465804878834,0.766797760967797,-1.15,0.043150482516180456,0.4445204411407519,0.7666258726840111,0.7668146112885658,YKL029C YBR196C YKL106W YER081W YIL074C YNL241C YPL262W 
sol_51#[iMM904_peroxisome#glucose_aerobic#NONE#criticals_glucose_aerobic#BASE#fumarate#SPEA2GK_K20#PFBA#BPCY],7.0,0.07583835683966451,0.5307834397533955,-1.15,0.03500325557269789,0.3077005447845771,0.5306995807796685,0.5308911395636781,YKL029C YBR196C YOR142W YER081W YIL074C YLR142W YPL262W 
sol_52#[iMM904_peroxisome#glucose_aerobic#NONE#criticals_glucose_aerobic#BASE#fumarate#SPEA2GK_K20#PFBA#BPCY],8.0,0.07563455679684368,0.5339216151665529,-1.15,0.0351155867194584,0.30951977690814664,0.5337658258596999,0.5339571696971718,YKL029C YBR196C YLR438W YOR142W YLR303W YER081W YIL074C YPL262W 
sol_53#[iMM904_peroxisome#glucose_aerobic#NONE#criticals_glucose_aerobic#BASE#fumarate#SPEA2GK_K20#PFBA#BPCY],6.0,0.07411738694481514,0.5464653840377394,-1.15,0.03521964027884534,0.31679152697839963,0.5463813718697543,0.5465729760207536,YBR196C YLR058C YLR303W YER081W YIL074C YPL262W 
sol_54#[iMM904_peroxisome#glucose_aerobic#NONE#criticals_glucose_aerobic#BASE#fumarate#SPEA2GK_K20#PFBA#BPCY],5.0,0.07566069397229679,0.5337028909562658,-1.15,0.03511333139545401,0.3093929802645019,0.5336190104676877,0.5338105397880919,YBR196C YLR303W YER081W YIL074C YPL262W 
sol_55#[iMM904_peroxisome#glucose_aerobic#NONE#criticals_glucose_aerobic#BASE#fumarate#SPEA2GK_K20#PFBA#BPCY],5.0,0.07581209343825815,0.5310035589568813,-1.15,0.03500564471972758,0.30782815011993125,0.5308474041894073,0.5310392205696932,YBR196C YLR438W YER081W YIL074C YPL262W 
sol_56#[iMM904_peroxisome#glucose_aerobic#NONE#criticals_glucose_aerobic#BASE#fumarate#SPEA2GK_K20#PFBA#BPCY],5.0,0.06482394754121418,0.7661506127101538,-1.15,0.04318687576260184,0.444145282730524,0.7659789460500204,0.7661674521121964,YBR196C YER081W YIL074C YNL241C YPL262W 
sol_57#[iMM904_peroxisome#glucose_aerobic#NONE#criticals_glucose_aerobic#BASE#fumarate#SPEA2GK_K20#PFBA#BPCY],4.0,0.07583835666792776,0.5307834243907215,-1.15,0.035003254480319664,0.3077005358786791,0.5306995602361351,0.5308911450304011,YBR196C YER081W YIL074C YPL262W 
sol_58#[iMM904_peroxisome#glucose_aerobic#NONE#criticals_glucose_aerobic#BASE#fumarate#SPEA2GK_K20#PFBA#BPCY],7.0,0.06874473959440103,0.5509493290756148,-1.15,0.03293466796262009,0.3193909154061535,0.5506503471104662,0.5512769200128593,YKL029C YBR196C YLR438W YPL061W YNL277W YFL018C YPL262W 
sol_59#[iMM904_peroxisome#glucose_aerobic#NONE#criticals_glucose_aerobic#BASE#fumarate#SPEA2GK_K20#PFBA#BPCY],7.0,0.07696098149173318,0.5025262454622942,-1.15,0.03363035919663808,0.2913195625868372,0.5024426599003184,0.5026342744501541,YKL029C YBR196C YHR208W YML082W YLR303W YGR244C YPL262W 
sol_60#[iMM904_peroxisome#glucose_aerobic#NONE#criticals_glucose_aerobic#BASE#fumarate#SPEA2GK_K20#PFBA#BPCY],5.0,0.07706539694005855,0.5019079154746928,-1.15,0.03363455020296918,0.2909611104201118,0.5018243191140175,0.5020159747899069,YKL029C YBR196C YHR208W YGR244C YPL262W 
sol_61#[iMM904_peroxisome#glucose_aerobic#NONE#criticals_glucose_aerobic#BASE#fumarate#SPEA2GK_K20#PFBA#BPCY],6.0,0.07698746986489484,0.5024415089074763,-1.15,0.03363626132685794,0.2912704399463631,0.5022858103680391,0.5024774206332048,YKL029C YBR196C YLR438W YLR303W YGR244C YPL262W 
sol_62#[iMM904_peroxisome#glucose_aerobic#NONE#criticals_glucose_aerobic#BASE#fumarate#SPEA2GK_K20#PFBA#BPCY],5.0,0.0770145521323403,0.5022090241416709,-1.15,0.033632524409643885,0.2911356661690846,0.502125435466855,0.5023170538629398,YKL029C YBR196C YLR303W YGR244C YPL262W 
sol_63#[iMM904_peroxisome#glucose_aerobic#NONE#criticals_glucose_aerobic#BASE#fumarate#SPEA2GK_K20#PFBA#BPCY],7.0,0.07696098149173318,0.5025262454624689,-1.15,0.03363035919664978,0.29131956258693853,0.5024426696792055,0.5026342744501541,YKL029C YBR196C YHR208W YML082W YOR142W YLR303W YPL262W 
sol_64#[iMM904_peroxisome#glucose_aerobic#NONE#criticals_glucose_aerobic#BASE#fumarate#SPEA2GK_K20#PFBA#BPCY],5.0,0.07706539694005855,0.501907915474653,-1.15,0.03363455020296651,0.2909611104200887,0.5018243191140175,0.5020159747899069,YKL029C YBR196C YHR208W YOR142W YPL262W 
sol_65#[iMM904_peroxisome#glucose_aerobic#NONE#criticals_glucose_aerobic#BASE#fumarate#SPEA2GK_K20#PFBA#BPCY],5.0,0.07708567822189148,0.5017878412789208,-1.15,0.03363535310302996,0.2908915021906788,0.5017042777114501,0.5018958710022046,YKL029C YBR196C YLR142W YPL262W YIL125W 
sol_66#[iMM904_peroxisome#glucose_aerobic#NONE#criticals_glucose_aerobic#BASE#fumarate#SPEA2GK_K20#PFBA#BPCY],6.0,0.07698746986489484,0.5024415089074754,-1.15,0.033636261326857875,0.2912704399463626,0.5022858103680391,0.5024774206332048,YKL029C YBR196C YLR438W YLR303W YPL262W YIL125W 
sol_67#[iMM904_peroxisome#glucose_aerobic#NONE#criticals_glucose_aerobic#BASE#fumarate#SPEA2GK_K20#PFBA#BPCY],7.0,0.07691298098729556,0.5028826049763272,-1.15,0.03363321759598775,0.29152614781236363,0.5027268863770709,0.5029185144617985,YKL029C YBR196C YLR438W YPL061W YNL277W YPL262W YIL125W 
sol_68#[iMM904_peroxisome#glucose_aerobic#NONE#criticals_glucose_aerobic#BASE#fumarate#SPEA2GK_K20#PFBA#BPCY],5.0,0.07705854590310378,0.502020622433497,-1.15,0.03363911232877945,0.2910264477875345,0.5018649340044213,0.502056540167556,YKL029C YBR196C YLR438W YPL262W YIL125W 
sol_69#[iMM904_peroxisome#glucose_aerobic#NONE#criticals_glucose_aerobic#BASE#fumarate#SPEA2GK_K20#PFBA#BPCY],4.0,0.07708567814903042,0.5017878348940283,-1.15,0.03363535264325208,0.2908914984892918,0.5017042655368698,0.5018958731706269,YKL029C YBR196C YPL262W YIL125W 
sol_70#[iMM904_peroxisome#glucose_aerobic#NONE#criticals_glucose_aerobic#BASE#fumarate#SPEA2GK_K20#PFBA#BPCY],6.0,0.07698746986489484,0.5024415089074754,-1.15,0.033636261326857875,0.2912704399463626,0.5022858103680391,0.50247742074962,YKL029C YBR196C YLR438W YOR142W YLR303W YPL262W 
sol_71#[iMM904_peroxisome#glucose_aerobic#NONE#criticals_glucose_aerobic#BASE#fumarate#SPEA2GK_K20#PFBA#BPCY],5.0,0.0770145521323403,0.5022090241416709,-1.15,0.033632524409643885,0.2911356661690846,0.502125435466855,0.5023170514182173,YKL029C YBR196C YOR142W YLR303W YPL262W 
sol_72#[iMM904_peroxisome#glucose_aerobic#NONE#criticals_glucose_aerobic#BASE#fumarate#SPEA2GK_K20#PFBA#BPCY],3.0,0.07705854590310378,0.502020622433497,-1.15,0.03363911232877945,0.2910264477875345,0.5018649340044213,0.502056540167556,YBR196C YLR438W YPL262W 
sol_73#[iMM904_peroxisome#glucose_aerobic#NONE#criticals_glucose_aerobic#BASE#fumarate#SPEA2GK_K20#PFBA#BPCY],3.0,0.07701099921415522,0.502302176650153,-1.15,0.03363721089675947,0.29118966762327714,0.50214648256435,0.5023380891850899,YBR196C YPL061W YPL262W 
sol_74#[iMM904_peroxisome#glucose_aerobic#NONE#criticals_glucose_aerobic#BASE#fumarate#SPEA2GK_K20#PFBA#BPCY],2.0,0.0770856781871966,0.5017878382385663,-1.15,0.03363535288409321,0.2908915004281544,0.5017042756947555,0.5018958738364547,YBR196C YPL262W 
sol_75#[iMM904_peroxisome#glucose_aerobic#NONE#criticals_glucose_aerobic#BASE#fumarate#SPEA2GK_K20#PFBA#BPCY],12.0,0.07864819499458459,0.4537116532200601,-1.15,0.031029219629362285,0.2630212482435131,0.45354569663302097,0.4537490100568901,YKL218C YKL029C YLR438W YNL277W YGR043C YDR148C YER081W YLR377C YLR354C YCL064C YIL074C YPL262W 
sol_76#[iMM904_peroxisome#glucose_aerobic#NONE#criticals_glucose_aerobic#BASE#fumarate#SPEA2GK_K20#PFBA#BPCY],12.0,0.07864819492695588,0.45371165357157234,-1.15,0.03102921962672044,0.26302124844728836,0.4535456840898876,0.45374901310995874,YKL218C YKL029C YLR438W YNL277W YGR043C YER081W YLR377C YLR354C YCL064C YIL074C YPL262W YIL125W 
sol_77#[iMM904_peroxisome#glucose_aerobic#NONE#criticals_glucose_aerobic#BASE#fumarate#SPEA2GK_K20#PFBA#BPCY],14.0,0.06850973894000977,0.7247591284311455,-1.15,0.043176572768005905,0.4201502193803743,0.7246679328721114,0.7248320540568526,YKL029C YLR134W YGR087C YHR208W YLR044C YML120C YDL022W YDR035W YNL241C YPL262W YKL192C YDL171C YLR174W YEL046C 
sol_78#[iMM904_peroxisome#glucose_aerobic#NONE#criticals_glucose_aerobic#BASE#fumarate#SPEA2GK_K20#PFBA#BPCY],12.0,0.06850973878220527,0.7247591189961047,-1.15,0.043176572106473354,0.42015021391078533,0.724667917831616,0.7248320569601646,YLR134W YKL029C YGR087C YHR208W YLR044C YDL171C YDL022W YDR035W YLR174W YNL241C YEL046C YPL262W 
sol_79#[iMM904_peroxisome#glucose_aerobic#NONE#criticals_glucose_aerobic#BASE#fumarate#SPEA2GK_K20#PFBA#BPCY],15.0,0.06707412090164121,0.7505375554084396,-1.15,0.043775344984946014,0.4350942350193853,0.750446116692957,0.7506048581052867,YKL029C YHR208W YPL061W YML120C YLR303W YDL022W YDR035W YNL241C YPL262W YKL192C YDL171C YER081W YIL074C YOR323C YLR174W 
sol_80#[iMM904_peroxisome#glucose_aerobic#NONE#criticals_glucose_aerobic#BASE#fumarate#SPEA2GK_K20#PFBA#BPCY],14.0,0.06722770733743733,0.7535759626978755,-1.15,0.04405320371893945,0.4368556305494931,0.7534844725801061,0.7536432332968505,YKL029C YHR208W YPL061W YML120C YLR303W YDL022W YDR035W YNL241C YPL262W YKL192C YDL171C YER081W YIL074C YLR174W 
sol_81#[iMM904_peroxisome#glucose_aerobic#NONE#criticals_glucose_aerobic#BASE#fumarate#SPEA2GK_K20#PFBA#BPCY],13.0,0.0673875150566729,0.7509254553246775,-1.15,0.04400260906707014,0.43531910453604494,0.7508340091028998,0.7509927496388383,YKL029C YHR208W YPL061W YML120C YKL192C YER081W YDL171C YDL022W YDR035W YIL074C YLR174W YNL241C YPL262W 
sol_82#[iMM904_peroxisome#glucose_aerobic#NONE#criticals_glucose_aerobic#BASE#fumarate#SPEA2GK_K20#PFBA#BPCY],11.0,0.06850973913603096,0.7247591401512374,-1.15,0.04317657358975251,0.42015022617463044,0.7246679583916759,0.7248320496125804,YKL029C YHR208W YPL061W YML120C YKL192C YDL171C YDL022W YDR035W YLR174W YNL241C YPL262W 
sol_83#[iMM904_peroxisome#glucose_aerobic#NONE#criticals_glucose_aerobic#BASE#fumarate#SPEA2GK_K20#PFBA#BPCY],14.0,0.06853650260293569,0.7246382486152603,-1.15,0.04318623583687526,0.4200801441247886,0.7245018533236155,0.724665946391855,YKL029C YLR134W YGR087C YHR208W YLR044C YML120C YDL022W YNL241C YPL262W YKL192C YDR300C YDL171C YLR174W YEL046C 
sol_84#[iMM904_peroxisome#glucose_aerobic#NONE#criticals_glucose_aerobic#BASE#fumarate#SPEA2GK_K20#PFBA#BPCY],11.0,0.06853650227146905,0.7246382506724602,-1.15,0.04318623575061429,0.42008014531736826,0.7245018089476876,0.7246659535783713,YLR134W YKL029C YGR087C YHR208W YLR044C YDR300C YDL171C YDL022W YLR174W YNL241C YPL262W 
sol_85#[iMM904_peroxisome#glucose_aerobic#NONE#criticals_glucose_aerobic#BASE#fumarate#SPEA2GK_K20#PFBA#BPCY],16.0,0.06741340869081332,0.7508173429327688,-1.15,0.0440131794706759,0.4352564306856631,0.7506806660455353,0.7508394210670439,YKL029C YLR134W YGR087C YHR208W YML120C YLR044C YDL022W YNL241C YPL262W YKL192C YDL171C YER081W YIL074C YOR323C YLR174W YEL046C 
sol_86#[iMM904_peroxisome#glucose_aerobic#NONE#criticals_glucose_aerobic#BASE#fumarate#SPEA2GK_K20#PFBA#BPCY],13.0,0.06741340867876049,0.7508173430041378,-1.15,0.04401317946699047,0.43525643072703646,0.7506806674514955,0.7508394210375694,YLR134W YKL029C YGR087C YHR208W YLR044C YER081W YDL171C YDL022W YIL074C YLR174W YNL241C YEL046C YPL262W 
sol_87#[iMM904_peroxisome#glucose_aerobic#NONE#criticals_glucose_aerobic#BASE#fumarate#SPEA2GK_K20#PFBA#BPCY],14.0,0.0684724476166737,0.725035796492764,-1.15,0.04316954399614268,0.4203106066624719,0.7248993798882688,0.7250634928695129,YKL029C YLR134W YGR087C YHR208W YLR044C YML120C YLR303W YDL022W YNL241C YPL262W YKL192C YDL171C YLR174W YEL046C 
sol_88#[iMM904_peroxisome#glucose_aerobic#NONE#criticals_glucose_aerobic#BASE#fumarate#SPEA2GK_K20#PFBA#BPCY],13.0,0.06849068810912975,0.7249225895516086,-1.15,0.04317430172542775,0.4202449794502079,0.7247861787449078,0.724950287768948,YLR134W YKL029C YGR087C YML120C YLR044C YKL192C YLR303W YDL171C YDL022W YLR174W YNL241C YEL046C YPL262W 
sol_89#[iMM904_peroxisome#glucose_aerobic#NONE#criticals_glucose_aerobic#BASE#fumarate#SPEA2GK_K20#PFBA#BPCY],13.0,0.06725347822959607,0.7534692329713472,-1.15,0.044063849266355606,0.43679375824425926,0.7533325240111821,0.753491286500884,YKL029C YHR208W YPL061W YML120C YKL192C YLR303W YER081W YDL171C YDL022W YIL074C YLR174W YNL241C YPL262W 
sol_90#[iMM904_peroxisome#glucose_aerobic#NONE#criticals_glucose_aerobic#BASE#fumarate#SPEA2GK_K20#PFBA#BPCY],13.0,0.06741340871856977,0.7508173427684113,-1.15,0.04401317947916296,0.4352564305903834,0.7506806654313855,0.7508394191558562,YKL029C YHR208W YPL061W YML120C YKL192C YER081W YDL171C YDL022W YIL074C YOR323C YLR174W YNL241C YPL262W 
sol_91#[iMM904_peroxisome#glucose_aerobic#NONE#criticals_glucose_aerobic#BASE#fumarate#SPEA2GK_K20#PFBA#BPCY],11.0,0.06853650216231978,0.7246382513498795,-1.15,0.043186235722209254,0.42008014571007507,0.7245017935664193,0.7246659564415483,YLR134W YKL029C YGR087C YHR208W YLR044C YDL171C YDL022W YOR323C YLR174W YNL241C YPL262W 
sol_92#[iMM904_peroxisome#glucose_aerobic#NONE#criticals_glucose_aerobic#BASE#fumarate#SPEA2GK_K20#PFBA#BPCY],10.0,0.06853650232801979,0.7246382503214879,-1.15,0.04318623576533117,0.42008014511390607,0.7245018162830473,0.7246659516840832,YLR134W YKL029C YGR087C YHR208W YLR044C YDL171C YDL022W YLR174W YNL241C YPL262W 
sol_93#[iMM904_peroxisome#glucose_aerobic#NONE#criticals_glucose_aerobic#BASE#fumarate#SPEA2GK_K20#PFBA#BPCY],9.0,0.06855477712875412,0.7245248304510324,-1.15,0.04319098980505991,0.42001439446436667,0.7243884097536216,0.7245525306406777,YLR134W YKL029C YGR087C YLR044C YDL171C YDL022W YLR174W YNL241C YPL262W 
sol_94#[iMM904_peroxisome#glucose_aerobic#NONE#criticals_glucose_aerobic#BASE#fumarate#SPEA2GK_K20#PFBA#BPCY],7.0,0.06855477712355017,0.724524830483331,-1.15,0.04319098980370672,0.42001439448309047,0.7243884319892435,0.7245525308604553,YKL029C YPL061W YDL171C YDL022W YLR174W YNL241C YPL262W 
sol_95#[iMM904_peroxisome#glucose_aerobic#NONE#criticals_glucose_aerobic#BASE#fumarate#SPEA2GK_K20#PFBA#BPCY],15.0,0.06738751508789728,0.7509254572348347,-1.15,0.04400260919939008,0.4353191056433825,0.7508339897758316,0.7509927459330112,YKL029C YLR134W YGR087C YHR208W YML120C YLR044C YDL022W YDR035W YNL241C YPL262W YKL192C YER081W YIL074C YLR174W YEL046C 
sol_96#[iMM904_peroxisome#glucose_aerobic#NONE#criticals_glucose_aerobic#BASE#fumarate#SPEA2GK_K20#PFBA#BPCY],12.0,0.06738751508789728,0.7509254572348352,-1.15,0.04400260919939011,0.4353191056433827,0.7508339897758316,0.7509927459330112,YKL029C YHR208W YPL061W YML120C YKL192C YER081W YDL022W YDR035W YIL074C YLR174W YNL241C YPL262W 
sol_97#[iMM904_peroxisome#glucose_aerobic#NONE#criticals_glucose_aerobic#BASE#fumarate#SPEA2GK_K20#PFBA#BPCY],10.0,0.06722770747621327,0.7536211789654398,-1.15,0.04405584710205875,0.43688184287851584,0.753484491164141,0.7536432272469374,YKL029C YPL061W YLR303W YER081W YDL022W YDR035W YIL074C YLR174W YNL241C YPL262W 
sol_98#[iMM904_peroxisome#glucose_aerobic#NONE#criticals_glucose_aerobic#BASE#fumarate#SPEA2GK_K20#PFBA#BPCY],11.0,0.06835024601543449,0.7217300122204832,-1.15,0.042896020775645714,0.41839420998288884,0.721638838085402,0.7218029569122443,YLR134W YKL029C YGR087C YHR208W YLR044C YDL022W YDR035W YOR323C YLR174W YNL241C YPL262W 
sol_99#[iMM904_peroxisome#glucose_aerobic#NONE#criticals_glucose_aerobic#BASE#fumarate#SPEA2GK_K20#PFBA#BPCY],10.0,0.06850973907878567,0.7247591367285852,-1.15,0.043176573349775066,0.4201502241904842,0.7246679351611932,0.7248320503354252,YLR134W YKL029C YGR087C YHR208W YLR044C YDL022W YDR035W YLR174W YNL241C YPL262W 
sol_100#[iMM904_peroxisome#glucose_aerobic#NONE#criticals_glucose_aerobic#BASE#fumarate#SPEA2GK_K20#PFBA#BPCY],12.0,0.0674134086387727,0.750817343240923,-1.15,0.04401317945476348,0.4352564308643032,0.7506806671310068,0.7508394220789069,YLR134W YKL029C YGR087C YHR208W YLR044C YER081W YDL022W YIL074C YLR174W YNL241C YEL046C YPL262W 
sol_101#[iMM904_peroxisome#glucose_aerobic#NONE#criticals_glucose_aerobic#BASE#fumarate#SPEA2GK_K20#PFBA#BPCY],11.0,0.0674310891649815,0.7507126495372896,-1.15,0.044018584007155206,0.43519573886219687,0.7505759691031938,0.7507347283254391,YLR134W YKL029C YGR087C YLR044C YER081W YDL022W YIL074C YLR174W YNL241C YEL046C YPL262W 
sol_102#[iMM904_peroxisome#glucose_aerobic#NONE#criticals_glucose_aerobic#BASE#fumarate#SPEA2GK_K20#PFBA#BPCY],12.0,0.06741340863877436,0.7508173432409124,-1.15,0.04401317945476395,0.4352564308642971,0.7506806671310084,0.7508394219624892,YKL029C YHR208W YPL061W YML120C YKL192C YER081W YDL022W YIL074C YOR323C YLR174W YNL241C YPL262W 
sol_103#[iMM904_peroxisome#glucose_aerobic#NONE#criticals_glucose_aerobic#BASE#fumarate#SPEA2GK_K20#PFBA#BPCY],10.0,0.06853650252487427,0.7246382490997391,-1.15,0.04318623581656064,0.42008014440564584,0.7245018479971621,0.7246659456108584,YLR134W YKL029C YGR087C YHR208W YLR044C YDL022W YOR323C YLR174W YNL241C YPL262W 
sol_104#[iMM904_peroxisome#glucose_aerobic#NONE#criticals_glucose_aerobic#BASE#fumarate#SPEA2GK_K20#PFBA#BPCY],9.0,0.06853650250605987,0.7246382492165074,-1.15,0.04318623581166435,0.4200801444733377,0.7245018471448428,0.7246659473216538,YLR134W YKL029C YGR087C YHR208W YLR044C YDL022W YLR174W YNL241C YPL262W 
sol_105#[iMM904_peroxisome#glucose_aerobic#NONE#criticals_glucose_aerobic#BASE#fumarate#SPEA2GK_K20#PFBA#BPCY],12.0,0.05416349487154963,0.6343487694268537,-1.15,0.0298769967996741,0.36773841705904564,0.6337710613097779,0.6343820062335422,YLR134W YKL029C YGR087C YLR058C YLR044C YJL121C YER062C YIL053W YLR174W YNL241C YPL262W YDL066W 
sol_106#[iMM904_peroxisome#glucose_aerobic#NONE#criticals_glucose_aerobic#BASE#fumarate#SPEA2GK_K20#PFBA#BPCY],8.0,0.06733599516118091,0.7529827079166505,-1.15,0.044089426066720415,0.4365117147342901,0.7528460091070516,0.7530047649707815,YKL106W YDL080C YLR303W YER081W YIL074C YDR380W YNL241C YPL262W 
sol_107#[iMM904_peroxisome#glucose_aerobic#NONE#criticals_glucose_aerobic#BASE#fumarate#SPEA2GK_K20#PFBA#BPCY],17.0,0.06738751507402077,0.7509254563859613,-1.15,0.04400260914058687,0.43531910515128197,0.7508339885844602,0.7509927438534855,YLR134W YKL029C YGR087C YHR208W YML120C YLR044C YER062C YIL053W YDR035W YNL241C YPL262W YKL192C YDL171C YER081W YIL074C YLR174W YEL046C 
sol_108#[iMM904_peroxisome#glucose_aerobic#NONE#criticals_glucose_aerobic#BASE#fumarate#SPEA2GK_K20#PFBA#BPCY],16.0,0.06738751507402077,0.7509254563859613,-1.15,0.04400260914058687,0.43531910515128197,0.7508339885844602,0.7509927453974802,YKL029C YLR134W YGR087C YML120C YLR044C YER062C YIL053W YDR035W YNL241C YPL262W YKL192C YDL171C YER081W YIL074C YLR174W YEL046C 
sol_109#[iMM904_peroxisome#glucose_aerobic#NONE#criticals_glucose_aerobic#BASE#fumarate#SPEA2GK_K20#PFBA#BPCY],13.0,0.06850973908746177,0.7247591372472393,-1.15,0.0431765733861411,0.42015022449115325,0.7246679440922669,0.724832048804586,YLR134W YKL029C YGR087C YHR208W YLR044C YER062C YDL171C YIL053W YDR035W YLR174W YNL241C YEL046C YPL262W 
sol_110#[iMM904_peroxisome#glucose_aerobic#NONE#criticals_glucose_aerobic#BASE#fumarate#SPEA2GK_K20#PFBA#BPCY],12.0,0.06850973910390808,0.7248043523466602,-1.15,0.04317926702664936,0.42017643614299144,0.7246679444505248,0.7248320483629294,YLR134W YKL029C YGR087C YLR044C YER062C YDL171C YIL053W YDR035W YLR174W YNL241C YEL046C YPL262W 
sol_111#[iMM904_peroxisome#glucose_aerobic#NONE#criticals_glucose_aerobic#BASE#fumarate#SPEA2GK_K20#PFBA#BPCY],14.0,0.06850973910390808,0.7247591382306713,-1.15,0.04317657345509265,0.42015022506125876,0.7246679444505248,0.7248320483629294,YKL029C YLR134W YGR087C YLR044C YML120C YDR035W YFL053W YNL241C YPL262W YKL192C YDL171C YML070W YLR174W YEL046C 
sol_112#[iMM904_peroxisome#glucose_aerobic#NONE#criticals_glucose_aerobic#BASE#fumarate#SPEA2GK_K20#PFBA#BPCY],13.0,0.0674724891070843,0.7415572989971297,-1.15,0.04350844937292408,0.42988828927369843,0.7414659263055886,0.7416246874399877,YKL029C YHR208W YPL061W YJL121C YER081W YER062C YDL171C YIL053W YDR035W YIL074C YOR323C YLR174W YPL262W 
sol_113#[iMM904_peroxisome#glucose_aerobic#NONE#criticals_glucose_aerobic#BASE#fumarate#SPEA2GK_K20#PFBA#BPCY],15.0,0.06723319838845798,0.747885910436029,-1.15,0.043724140685459184,0.4335570495281328,0.747794480276901,0.7479532403357527,YKL029C YHR208W YPL061W YML120C YER062C YIL053W YDR035W YNL241C YPL262W YKL192C YDL171C YER081W YIL074C YOR323C YLR174W 
sol_114#[iMM904_peroxisome#glucose_aerobic#NONE#criticals_glucose_aerobic#BASE#fumarate#SPEA2GK_K20#PFBA#BPCY],13.0,0.06738751492309997,0.7509254471535662,-1.15,0.04400260850104041,0.4353190997991689,0.7508339861238363,0.7509927461452917,YKL029C YPL061W YML120C YKL192C YER081W YER062C YDL171C YIL053W YDR035W YIL074C YLR174W YNL241C YPL262W 
sol_115#[iMM904_peroxisome#glucose_aerobic#NONE#criticals_glucose_aerobic#BASE#fumarate#SPEA2GK_K20#PFBA#BPCY],12.0,0.06850973908225527,0.7247591369360105,-1.15,0.043176573364318786,0.42015022431073074,0.7246679401936202,0.7248320489134055,YLR134W YKL029C YGR087C YHR208W YLR044C YER062C YDL171C YIL053W YDR035W YLR174W YNL241C YPL262W 
sol_116#[iMM904_peroxisome#glucose_aerobic#NONE#criticals_glucose_aerobic#BASE#fumarate#SPEA2GK_K20#PFBA#BPCY],11.0,0.06850973910133738,0.7248043523626178,-1.15,0.04317926702597979,0.4201764361522422,0.724667938231474,0.7248320481263443,YLR134W YKL029C YGR087C YLR044C YER062C YDL171C YIL053W YDR035W YLR174W YNL241C YPL262W 
sol_117#[iMM904_peroxisome#glucose_aerobic#NONE#criticals_glucose_aerobic#BASE#fumarate#SPEA2GK_K20#PFBA#BPCY],11.0,0.06835024738411662,0.7217300941840996,-1.15,0.04289602650612609,0.4183942574980288,0.7216389773884865,0.7218029228941699,YKL029C YHR208W YPL061W YER062C YDL171C YIL053W YDR035W YOR323C YLR174W YNL241C YPL262W 
sol_118#[iMM904_peroxisome#glucose_aerobic#NONE#criticals_glucose_aerobic#BASE#fumarate#SPEA2GK_K20#PFBA#BPCY],10.0,0.06850973914817148,0.7247591408771262,-1.15,0.043176573640647635,0.42015022659543555,0.7246679464749732,0.7248320490398416,YKL029C YHR208W YPL061W YER062C YDL171C YIL053W YDR035W YLR174W YNL241C YPL262W 
sol_119#[iMM904_peroxisome#glucose_aerobic#NONE#criticals_glucose_aerobic#BASE#fumarate#SPEA2GK_K20#PFBA#BPCY],10.0,0.06849113281409032,0.7248746189341537,-1.15,0.04317172504259325,0.4202171703966109,0.7247834159278257,0.7249475229904949,YKL029C YLR438W YPL061W YER062C YDL171C YIL053W YDR035W YLR174W YNL241C YPL262W 
sol_120#[iMM904_peroxisome#glucose_aerobic#NONE#criticals_glucose_aerobic#BASE#fumarate#SPEA2GK_K20#PFBA#BPCY],9.0,0.06850973911174442,0.7248043522980301,-1.15,0.043179267028691244,0.4201764361148001,0.7246679263019284,0.724832049112803,YKL029C YPL061W YER062C YDL171C YIL053W YDR035W YLR174W YNL241C YPL262W 
sol_121#[iMM904_peroxisome#glucose_aerobic#NONE#criticals_glucose_aerobic#BASE#fumarate#SPEA2GK_K20#PFBA#BPCY],12.0,0.06850973912735862,0.7247591396327837,-1.15,0.04317657355340078,0.4201502258740775,0.724667933890115,0.7248320493143544,YLR134W YKL029C YGR087C YHR208W YLR044C YDL171C YML070W YFL053W YDR035W YLR174W YNL241C YPL262W 
sol_122#[iMM904_peroxisome#glucose_aerobic#NONE#criticals_glucose_aerobic#BASE#fumarate#SPEA2GK_K20#PFBA#BPCY],11.0,0.06850973910390898,0.7248043523466546,-1.15,0.043179267026649586,0.4201764361429882,0.7246679216353575,0.7248320492449095,YLR134W YKL029C YGR087C YLR044C YDL171C YML070W YFL053W YDR035W YLR174W YNL241C YPL262W 
sol_123#[iMM904_peroxisome#glucose_aerobic#NONE#criticals_glucose_aerobic#BASE#fumarate#SPEA2GK_K20#PFBA#BPCY],13.0,0.06725347831459663,0.7534692324701778,-1.15,0.04406384929273815,0.4367937579537263,0.7533325170265794,0.7534912808593776,YKL029C YHR208W YPL061W YLR303W YDR300C YER081W YER062C YDL171C YIL053W YIL074C YLR174W YNL241C YPL262W 
sol_124#[iMM904_peroxisome#glucose_aerobic#NONE#criticals_glucose_aerobic#BASE#fumarate#SPEA2GK_K20#PFBA#BPCY],12.0,0.0674134087185684,0.7508173427684193,-1.15,0.04401317947916253,0.43525643059038804,0.7506806884934605,0.750839421307656,YKL029C YHR208W YPL061W YDR300C YER081W YER062C YDL171C YIL053W YIL074C YLR174W YNL241C YPL262W 
sol_125#[iMM904_peroxisome#glucose_aerobic#NONE#criticals_glucose_aerobic#BASE#fumarate#SPEA2GK_K20#PFBA#BPCY],14.0,0.06853650252660921,0.7246382490889723,-1.15,0.043186235817012204,0.4200801443994043,0.7245018422270431,0.7246659464333763,YKL029C YLR134W YGR087C YHR208W YLR044C YML120C YER062C YIL053W YNL241C YPL262W YKL192C YDL171C YLR174W YEL046C 
sol_126#[iMM904_peroxisome#glucose_aerobic#NONE#criticals_glucose_aerobic#BASE#fumarate#SPEA2GK_K20#PFBA#BPCY],14.0,0.06853032908287802,0.7246765636620496,-1.15,0.043184629031660406,0.4201023557461157,0.7245401476241707,0.7247042634676116,YKL029C YLR134W YGR087C YLR044C YML120C YER062C YIL053W YNL241C YPL262W YLR438W YKL192C YDL171C YLR174W YEL046C 
sol_127#[iMM904_peroxisome#glucose_aerobic#NONE#criticals_glucose_aerobic#BASE#fumarate#SPEA2GK_K20#PFBA#BPCY],14.0,0.06741340887989622,0.7508173418131303,-1.15,0.04401317952849162,0.4352564300365973,0.7506806866023171,0.7508394154304471,YKL029C YLR134W YGR087C YHR208W YLR044C YFL053W YNL241C YPL262W YDL171C YER081W YML070W YIL074C YLR174W YEL046C 
sol_128#[iMM904_peroxisome#glucose_aerobic#NONE#criticals_glucose_aerobic#BASE#fumarate#SPEA2GK_K20#PFBA#BPCY],12.0,0.06853650252660921,0.724638249088968,-1.15,0.04318623581701195,0.4200801443994018,0.7245018420999434,0.7246659464333763,YLR134W YKL029C YGR087C YHR208W YLR044C YDL171C YML070W YFL053W YLR174W YNL241C YEL046C YPL262W 
sol_129#[iMM904_peroxisome#glucose_aerobic#NONE#criticals_glucose_aerobic#BASE#fumarate#SPEA2GK_K20#PFBA#BPCY],13.0,0.06741340888163093,0.7508173418028588,-1.15,0.044013179529022055,0.4352564300306428,0.7506806899749827,0.7508394161270798,YKL029C YHR208W YPL061W YML120C YKL192C YER081W YER062C YDL171C YIL053W YIL074C YLR174W YNL241C YPL262W 
sol_130#[iMM904_peroxisome#glucose_aerobic#NONE#criticals_glucose_aerobic#BASE#fumarate#SPEA2GK_K20#PFBA#BPCY],11.0,0.0674134087135687,0.7508173427980247,-1.15,0.04401317947763379,0.4352564306075506,0.7506806680669347,0.7508394218950917,YKL029C YHR208W YPL061W YER081W YER062C YDL171C YIL053W YIL074C YLR174W YNL241C YPL262W 
sol_131#[iMM904_peroxisome#glucose_aerobic#NONE#criticals_glucose_aerobic#BASE#fumarate#SPEA2GK_K20#PFBA#BPCY],11.0,0.06853650219701389,0.7246382511345558,-1.15,0.04318623573123808,0.4200801455852498,0.7245018072547283,0.7246659548271681,YLR134W YKL029C YGR087C YHR208W YLR044C YER062C YDL171C YIL053W YLR174W YNL241C YPL262W 
sol_132#[iMM904_peroxisome#glucose_aerobic#NONE#criticals_glucose_aerobic#BASE#fumarate#SPEA2GK_K20#PFBA#BPCY],10.0,0.06855477712875345,0.724524830451038,-1.15,0.04319098980505982,0.4200143944643699,0.7243884195123198,0.7245525296586011,YLR134W YKL029C YGR087C YLR044C YER062C YDL171C YIL053W YLR174W YNL241C YPL262W 
sol_133#[iMM904_peroxisome#glucose_aerobic#NONE#criticals_glucose_aerobic#BASE#fumarate#SPEA2GK_K20#PFBA#BPCY],11.0,0.06853650212936142,0.7246382515544315,-1.15,0.043186235713632205,0.420080145828656,0.7245018024097387,0.7246659567639397,YKL029C YHR208W YPL061W YML120C YKL192C YER062C YDL171C YIL053W YLR174W YNL241C YPL262W 
sol_134#[iMM904_peroxisome#glucose_aerobic#NONE#criticals_glucose_aerobic#BASE#fumarate#SPEA2GK_K20#PFBA#BPCY],9.0,0.06853650239780175,0.7246382498884,-1.15,0.04318623578349147,0.4200801448628406,0.7245018226022955,0.7246659504162206,YKL029C YHR208W YPL061W YER062C YDL171C YIL053W YLR174W YNL241C YPL262W 
sol_135#[iMM904_peroxisome#glucose_aerobic#NONE#criticals_glucose_aerobic#BASE#fumarate#SPEA2GK_K20#PFBA#BPCY],11.0,0.068530329124511,0.724676563403664,-1.15,0.043184629042497966,0.420102355596327,0.7245401443871272,0.7247042617921835,YKL029C YLR438W YPL061W YML120C YKL192C YER062C YDL171C YIL053W YLR174W YNL241C YPL262W 
sol_136#[iMM904_peroxisome#glucose_aerobic#NONE#criticals_glucose_aerobic#BASE#fumarate#SPEA2GK_K20#PFBA#BPCY],10.0,0.06846628574474369,0.7250740392471566,-1.15,0.043167935962775066,0.4203327763751633,0.724937630430405,0.7251017323050206,YKL029C YLR438W YPL061W YLR303W YER062C YDL171C YIL053W YLR174W YNL241C YPL262W 
sol_137#[iMM904_peroxisome#glucose_aerobic#NONE#criticals_glucose_aerobic#BASE#fumarate#SPEA2GK_K20#PFBA#BPCY],8.0,0.06855477724324491,0.724524829740467,-1.15,0.043190989834832744,0.4200143940524446,0.7243884302402442,0.724552527903338,YKL029C YPL061W YER062C YDL171C YIL053W YLR174W YNL241C YPL262W 
sol_138#[iMM904_peroxisome#glucose_aerobic#NONE#criticals_glucose_aerobic#BASE#fumarate#SPEA2GK_K20#PFBA#BPCY],11.0,0.06853650293773401,0.7246382465373851,-1.15,0.043186235924003405,0.4200801429202233,0.7245018778918181,0.7246659373681774,YLR134W YKL029C YGR087C YHR208W YLR044C YDL171C YML070W YFL053W YLR174W YNL241C YPL262W 
sol_139#[iMM904_peroxisome#glucose_aerobic#NONE#criticals_glucose_aerobic#BASE#fumarate#SPEA2GK_K20#PFBA#BPCY],10.0,0.06855477724324491,0.724524829740467,-1.15,0.043190989834832744,0.4200143940524446,0.7243884302402442,0.724552527903339,YLR134W YKL029C YGR087C YLR044C YDL171C YML070W YFL053W YLR174W YNL241C YPL262W 
sol_140#[iMM904_peroxisome#glucose_aerobic#NONE#criticals_glucose_aerobic#BASE#fumarate#SPEA2GK_K20#PFBA#BPCY],9.0,0.04134243604719922,0.420471719222094,-1.15,0.015115934923126371,0.24375172128817044,0.42018785607521986,0.9744837791474819,YOL151W YDR050C YHR104W YER081W YKR080W YIL074C YLR142W YDL215C YPL262W 
sol_141#[iMM904_peroxisome#glucose_aerobic#NONE#criticals_glucose_aerobic#BASE#fumarate#SPEA2GK_K20#PFBA#BPCY],8.0,0.06656117478247539,0.6769222747952464,-1.15,0.039179775518954116,0.3924187100262298,0.6764384739463211,0.7672147504929229,YFR053C YER081W YKR080W YGL253W YIL074C YLR142W YDL215C YPL262W 
sol_142#[iMM904_peroxisome#glucose_aerobic#NONE#criticals_glucose_aerobic#BASE#fumarate#SPEA2GK_K20#PFBA#BPCY],7.0,0.06656117478247539,0.6769222747953743,-1.15,0.03917977551896152,0.39241871002630396,0.6764384946815497,0.7672147504929229,YHR104W YER081W YKR080W YIL074C YLR142W YDL215C YPL262W 
sol_143#[iMM904_peroxisome#glucose_aerobic#NONE#criticals_glucose_aerobic#BASE#fumarate#SPEA2GK_K20#PFBA#BPCY],7.0,0.06694676305960509,0.7551625462315625,-1.15,0.043961467873089126,0.43777538911974645,0.7550513932657683,0.7553144802607851,YLR303W YHR104W YER081W YKR080W YIL074C YDL215C YPL262W 
sol_144#[iMM904_peroxisome#glucose_aerobic#NONE#criticals_glucose_aerobic#BASE#fumarate#SPEA2GK_K20#PFBA#BPCY],7.0,0.06656117488309028,0.6769223541194256,-1.15,0.03917978016940544,0.39241875601126125,0.676438571390144,0.7672147403783848,YER081W YKR080W YIL074C YLR142W YJR159W YDL215C YPL262W 
sol_145#[iMM904_peroxisome#glucose_aerobic#NONE#criticals_glucose_aerobic#BASE#fumarate#SPEA2GK_K20#PFBA#BPCY],6.0,0.07252085239765642,0.615817124507349,-1.15,0.038834419817692756,0.356995434497014,0.6157037766386597,0.6159938944481318,YLR303W YER081W YKR080W YIL074C YDL215C YPL262W 
sol_146#[iMM904_peroxisome#glucose_aerobic#NONE#criticals_glucose_aerobic#BASE#fumarate#SPEA2GK_K20#PFBA#BPCY],5.0,0.07264493141435889,0.6142336944552267,-1.15,0.0388008387879028,0.3560775040320155,0.6141203772720677,0.6144105110939136,YER081W YKR080W YIL074C YDL215C YPL262W 
sol_147#[iMM904_peroxisome#glucose_aerobic#NONE#criticals_glucose_aerobic#BASE#fumarate#SPEA2GK_K20#PFBA#BPCY],5.0,0.0675355561236555,0.7306662952750221,-1.15,0.04290952573235626,0.4235746639275491,0.7304863609418837,0.730912820270701,YFR053C YKR080W YGL253W YDL215C YPL262W 
sol_148#[iMM904_peroxisome#glucose_aerobic#NONE#criticals_glucose_aerobic#BASE#fumarate#SPEA2GK_K20#PFBA#BPCY],5.0,0.06708962796354638,0.7333482996376964,-1.15,0.042782664861210774,0.4251294490653313,0.733081958237461,0.7336994100332499,YHR104W YKR080W YLR142W YDL215C YPL262W 
sol_149#[iMM904_peroxisome#glucose_aerobic#NONE#criticals_glucose_aerobic#BASE#fumarate#SPEA2GK_K20#PFBA#BPCY],8.0,0.06745266119116985,0.7505217031644298,-1.15,0.04402146622623481,0.43508504531271297,0.7504483339521767,0.7506069782822067,YKL029C YHR208W YDR148C YER081W YDR035W YIL074C YNL241C YPL262W 
sol_150#[iMM904_peroxisome#glucose_aerobic#NONE#criticals_glucose_aerobic#BASE#fumarate#SPEA2GK_K20#PFBA#BPCY],7.0,0.06745266119116985,0.7505217031644298,-1.15,0.04402146622623481,0.43508504531271297,0.7504483339521767,0.7506069782822067,YKL029C YDR148C YER081W YDR035W YIL074C YNL241C YPL262W 
sol_151#[iMM904_peroxisome#glucose_aerobic#NONE#criticals_glucose_aerobic#BASE#fumarate#SPEA2GK_K20#PFBA#BPCY],9.0,0.08004381684111131,0.4215443164596238,-1.15,0.02934088352791791,0.24437351678818775,0.42145518978326174,0.4216585437980678,YKL029C YLR303W YGR043C YDR148C YLR377C YLR354C YDR035W YLR142W YPL262W 
sol_152#[iMM904_peroxisome#glucose_aerobic#NONE#criticals_glucose_aerobic#BASE#fumarate#SPEA2GK_K20#PFBA#BPCY],8.0,0.08011622167678753,0.42114558553598713,-1.15,0.029339646164349246,0.24414236842665923,0.4210564679439281,0.4212597262792883,YKL029C YGR043C YDR148C YLR377C YLR354C YDR035W YLR142W YPL262W 
sol_153#[iMM904_peroxisome#glucose_aerobic#NONE#criticals_glucose_aerobic#BASE#fumarate#SPEA2GK_K20#PFBA#BPCY],6.0,0.06857707315409571,0.7243231508779431,-1.15,0.04319301017822766,0.4198974787698221,0.7242500315932532,0.7244141528842034,YKL029C YHR208W YDR148C YDR035W YNL241C YPL262W 
sol_154#[iMM904_peroxisome#glucose_aerobic#NONE#criticals_glucose_aerobic#BASE#fumarate#SPEA2GK_K20#PFBA#BPCY],6.0,0.06882604320189603,0.717782103659725,-1.15,0.042958349631332216,0.416105567338971,0.71770906349238,0.7178731684838131,YKL029C YJL121C YDR148C YDR035W YLR142W YPL262W 
sol_155#[iMM904_peroxisome#glucose_aerobic#NONE#criticals_glucose_aerobic#BASE#fumarate#SPEA2GK_K20#PFBA#BPCY],5.0,0.06857707315409571,0.7243231508779431,-1.15,0.04319301017822766,0.4198974787698221,0.7242500315932532,0.7244141528842034,YKL029C YDR148C YDR035W YNL241C YPL262W 
sol_156#[iMM904_peroxisome#glucose_aerobic#NONE#criticals_glucose_aerobic#BASE#fumarate#SPEA2GK_K20#PFBA#BPCY],10.0,0.06835024608482289,0.7217300163758522,-1.15,0.04289602106616761,0.4183942123917984,0.7216388485570345,0.7218029536775215,YKL029C YHR208W YPL061W YDR300C YER062C YIL053W YDR035W YLR174W YNL241C YPL262W 
sol_157#[iMM904_peroxisome#glucose_aerobic#NONE#criticals_glucose_aerobic#BASE#fumarate#SPEA2GK_K20#PFBA#BPCY],16.0,0.06738751511565363,0.7509254589327854,-1.15,0.044002609317010624,0.43531910662770174,0.7508339914969441,0.7509927429654257,YKL029C YLR134W YGR087C YHR208W YML120C YLR044C YER062C YIL053W YDR035W YNL241C YPL262W YKL192C YER081W YIL074C YLR174W YEL046C 
sol_158#[iMM904_peroxisome#glucose_aerobic#NONE#criticals_glucose_aerobic#BASE#fumarate#SPEA2GK_K20#PFBA#BPCY],15.0,0.06738751506267114,0.7509254556916469,-1.15,0.04400260909249048,0.4353191047487809,0.7508339974984437,0.7509927438630845,YKL029C YLR134W YGR087C YML120C YLR044C YER062C YIL053W YDR035W YNL241C YPL262W YKL192C YER081W YIL074C YLR174W YEL046C 
sol_159#[iMM904_peroxisome#glucose_aerobic#NONE#criticals_glucose_aerobic#BASE#fumarate#SPEA2GK_K20#PFBA#BPCY],17.0,0.06723319839192715,0.747885910648627,-1.15,0.04372414070014456,0.433557049651378,0.747794464528525,0.7479532402311491,YKL029C YLR134W YGR087C YHR208W YML120C YLR044C YDR035W YFL053W YNL241C YPL262W YKL192C YER081W YML070W YIL074C YOR323C YLR174W YEL046C 
sol_160#[iMM904_peroxisome#glucose_aerobic#NONE#criticals_glucose_aerobic#BASE#fumarate#SPEA2GK_K20#PFBA#BPCY],9.0,0.08991676015521394,0.14963802945484483,-1.15,0.011699971134426192,0.08674668374193904,0.14935479848408775,0.14968111444317275,YKL029C YNL277W YML120C YKL192C YER081W YDR035W YIL074C YEL046C YPL262W 
sol_161#[iMM904_peroxisome#glucose_aerobic#NONE#criticals_glucose_aerobic#BASE#fumarate#SPEA2GK_K20#PFBA#BPCY],8.0,0.09025916583685822,0.14105586000113618,-1.15,0.011070942834872356,0.08177151304413692,0.14077103756958353,0.14109902872872193,YKL029C YML120C YKL192C YER081W YDR035W YIL074C YEL046C YPL262W 
sol_162#[iMM904_peroxisome#glucose_aerobic#NONE#criticals_glucose_aerobic#BASE#fumarate#SPEA2GK_K20#PFBA#BPCY],7.0,0.08991676026623502,0.14963802413482344,-1.15,0.011699970732907834,0.08674668065786867,0.14935481477783782,0.14968111350088323,YKL029C YLR303W YER081W YDR035W YIL074C YEL046C YPL262W 
sol_163#[iMM904_peroxisome#glucose_aerobic#NONE#criticals_glucose_aerobic#BASE#fumarate#SPEA2GK_K20#PFBA#BPCY],7.0,0.09024327541138163,0.14103081452182056,-1.15,0.011067028379464465,0.08175699392569309,0.14074680790773425,0.14107399121404937,YKL029C YLR438W YER081W YDR035W YIL074C YEL046C YPL262W 
sol_164#[iMM904_peroxisome#glucose_aerobic#NONE#criticals_glucose_aerobic#BASE#fumarate#SPEA2GK_K20#PFBA#BPCY],6.0,0.0902591659478806,0.14105585469075127,-1.15,0.011070942431697957,0.08177150996565291,0.14077104197397347,0.14109902336265687,YKL029C YER081W YDR035W YIL074C YEL046C YPL262W 
sol_165#[iMM904_peroxisome#glucose_aerobic#NONE#criticals_glucose_aerobic#BASE#fumarate#SPEA2GK_K20#PFBA#BPCY],5.0,0.09348510028769243,0.04002183791173146,-1.15,0.0032534308964139013,0.02320106545607621,0.03974525874874246,0.04005965329832087,YKL029C YHR208W YDR035W YEL046C YPL262W 
sol_166#[iMM904_peroxisome#glucose_aerobic#NONE#criticals_glucose_aerobic#BASE#fumarate#SPEA2GK_K20#PFBA#BPCY],14.0,0.06722770733050075,0.7535759622722445,-1.15,0.04405320368951212,0.4368556303027505,0.7534844726575853,0.7536432320601815,YKL029C YHR208W YPL061W YML120C YLR303W YER062C YIL053W YDR035W YNL241C YPL262W YKL192C YER081W YIL074C YLR174W 
sol_167#[iMM904_peroxisome#glucose_aerobic#NONE#criticals_glucose_aerobic#BASE#fumarate#SPEA2GK_K20#PFBA#BPCY],12.0,0.06723319846131834,0.7478859149001561,-1.15,0.04372414099383203,0.43355705211603257,0.7477944799254657,0.747953238528168,YKL029C YHR208W YPL061W YER081W YER062C YIL053W YDR035W YIL074C YOR323C YLR174W YNL241C YPL262W 
sol_168#[iMM904_peroxisome#glucose_aerobic#NONE#criticals_glucose_aerobic#BASE#fumarate#SPEA2GK_K20#PFBA#BPCY],11.0,0.06738751501850822,0.7509254529899995,-1.15,0.04400260890534233,0.4353191031826084,0.7508339944446277,0.7509927449904598,YKL029C YHR208W YPL061W YER081W YER062C YIL053W YDR035W YIL074C YLR174W YNL241C YPL262W 
sol_169#[iMM904_peroxisome#glucose_aerobic#NONE#criticals_glucose_aerobic#BASE#fumarate#SPEA2GK_K20#PFBA#BPCY],10.0,0.06762791081215949,0.7445933133011141,-1.15,0.043787208855007025,0.43164829756586326,0.7445020490982331,0.7446603967533437,YKL029C YPL061W YJL121C YER081W YER062C YIL053W YDR035W YIL074C YLR174W YPL262W 
sol_170#[iMM904_peroxisome#glucose_aerobic#NONE#criticals_glucose_aerobic#BASE#fumarate#SPEA2GK_K20#PFBA#BPCY],13.0,0.06722770735825388,0.7535759639752071,-1.15,0.04405320380725156,0.4368556312899752,0.7534844740767985,0.7536432312735319,YKL029C YPL061W YNL277W YML120C YKL192C YER081W YER062C YIL053W YDR035W YIL074C YLR174W YNL241C YPL262W 
sol_171#[iMM904_peroxisome#glucose_aerobic#NONE#criticals_glucose_aerobic#BASE#fumarate#SPEA2GK_K20#PFBA#BPCY],12.0,0.06835024609870008,0.7217300172068942,-1.15,0.042896021124269795,0.4183942128735619,0.7216388587187476,0.7218029535831786,YLR134W YKL029C YGR087C YHR208W YLR044C YER062C YIL053W YDR035W YOR323C YLR174W YNL241C YPL262W 
sol_172#[iMM904_peroxisome#glucose_aerobic#NONE#criticals_glucose_aerobic#BASE#fumarate#SPEA2GK_K20#PFBA#BPCY],11.0,0.06850973910827601,0.7247591384917593,-1.15,0.04317657347339941,0.42015022521261414,0.7246679448180017,0.7248320464096417,YLR134W YKL029C YGR087C YHR208W YLR044C YER062C YIL053W YDR035W YLR174W YNL241C YPL262W 
sol_173#[iMM904_peroxisome#glucose_aerobic#NONE#criticals_glucose_aerobic#BASE#fumarate#SPEA2GK_K20#PFBA#BPCY],9.0,0.06850973910827601,0.7247591384917583,-1.15,0.04317657347339935,0.4201502252126136,0.7246679450508323,0.7248320464096417,YKL029C YHR208W YPL061W YER062C YIL053W YDR035W YLR174W YNL241C YPL262W 
sol_174#[iMM904_peroxisome#glucose_aerobic#NONE#criticals_glucose_aerobic#BASE#fumarate#SPEA2GK_K20#PFBA#BPCY],11.0,0.06745265957442605,0.7505215610182105,-1.15,0.044021456833589725,0.4350849629091076,0.7504481827108499,0.7506070111472996,YOL059W YKL029C YHR208W YML120C YKL192C YER081W YDR035W YIL074C YGR244C YNL241C YPL262W 
sol_175#[iMM904_peroxisome#glucose_aerobic#NONE#criticals_glucose_aerobic#BASE#fumarate#SPEA2GK_K20#PFBA#BPCY],8.0,0.06745265969686143,0.7505215717829578,-1.15,0.044021457544895136,0.43508496914954076,0.7504481963026555,0.7506070089259799,YKL029C YHR208W YER081W YDR035W YIL074C YNL241C YPL262W YIL125W 
sol_176#[iMM904_peroxisome#glucose_aerobic#NONE#criticals_glucose_aerobic#BASE#fumarate#SPEA2GK_K20#PFBA#BPCY],11.0,0.06745265969686143,0.7505215717829549,-1.15,0.04402145754489497,0.4350849691495391,0.7504481963026555,0.7506070089259799,YOL059W YKL029C YHR208W YML120C YKL192C YOR142W YER081W YDR035W YIL074C YNL241C YPL262W 
sol_177#[iMM904_peroxisome#glucose_aerobic#NONE#criticals_glucose_aerobic#BASE#fumarate#SPEA2GK_K20#PFBA#BPCY],7.0,0.06745265969686143,0.7505215717829578,-1.15,0.044021457544895136,0.43508496914954076,0.7504481963026555,0.7506070089259799,YKL029C YER081W YDR035W YIL074C YNL241C YPL262W YIL125W 
sol_178#[iMM904_peroxisome#glucose_aerobic#NONE#criticals_glucose_aerobic#BASE#fumarate#SPEA2GK_K20#PFBA#BPCY],12.0,0.05515291495522807,0.622482499267168,-1.15,0.029853673341912988,0.36085941986502496,0.6223267181125083,0.6225031854766526,YLR134W YKL029C YGR087C YLR058C YLR044C YJL121C YML070W YFL053W YDR035W YLR174W YNL241C YPL262W 
sol_179#[iMM904_peroxisome#glucose_aerobic#NONE#criticals_glucose_aerobic#BASE#fumarate#SPEA2GK_K20#PFBA#BPCY],9.0,0.0800438172817289,0.42154435615703745,-1.15,0.02934088645250257,0.24437353980118115,0.4214552316069067,0.4216585314928871,YKL029C YLR303W YGR043C YLR377C YLR354C YDR035W YLR142W YPL262W YIL125W 
sol_180#[iMM904_peroxisome#glucose_aerobic#NONE#criticals_glucose_aerobic#BASE#fumarate#SPEA2GK_K20#PFBA#BPCY],8.0,0.0801162214859683,0.42114556836059586,-1.15,0.029339644897923043,0.24414235846991067,0.42105645584000284,0.42125973195199506,YKL029C YGR043C YLR377C YLR354C YDR035W YLR142W YPL262W YIL125W 
sol_181#[iMM904_peroxisome#glucose_aerobic#NONE#criticals_glucose_aerobic#BASE#fumarate#SPEA2GK_K20#PFBA#BPCY],6.0,0.06882604362516383,0.7177821399299813,-1.15,0.042958352066247256,0.41610558836520656,0.7177091061556798,0.7178731588879423,YKL029C YHR208W YJL121C YDR035W YGR244C YPL262W 
sol_182#[iMM904_peroxisome#glucose_aerobic#NONE#criticals_glucose_aerobic#BASE#fumarate#SPEA2GK_K20#PFBA#BPCY],6.0,0.06857707356348658,0.7243231861255022,-1.15,0.04319301253797178,0.4198974992031897,0.7242500842277093,0.7244141458085045,YKL029C YHR208W YDR035W YGR244C YNL241C YPL262W 
sol_183#[iMM904_peroxisome#glucose_aerobic#NONE#criticals_glucose_aerobic#BASE#fumarate#SPEA2GK_K20#PFBA#BPCY],6.0,0.06857707411897383,0.7243232339517063,-1.15,0.043193015739826944,0.4198975269285254,0.7242501345060991,0.7244141322529355,YKL029C YDR035W YLR142W YGR244C YNL241C YPL262W 
sol_184#[iMM904_peroxisome#glucose_aerobic#NONE#criticals_glucose_aerobic#BASE#fumarate#SPEA2GK_K20#PFBA#BPCY],5.0,0.06857707411897383,0.7243232339517063,-1.15,0.043193015739826944,0.4198975269285254,0.7242501345060991,0.7244141322529355,YKL029C YDR035W YGR244C YNL241C YPL262W 
sol_185#[iMM904_peroxisome#glucose_aerobic#NONE#criticals_glucose_aerobic#BASE#fumarate#SPEA2GK_K20#PFBA#BPCY],6.0,0.06857707411897383,0.7243232339517063,-1.15,0.043193015739826944,0.4198975269285254,0.7242501346225128,0.7244141322529355,YKL029C YHR208W YDR035W YNL241C YPL262W YIL125W 
sol_186#[iMM904_peroxisome#glucose_aerobic#NONE#criticals_glucose_aerobic#BASE#fumarate#SPEA2GK_K20#PFBA#BPCY],6.0,0.06882604081147287,0.717781898821604,-1.15,0.04295833588002801,0.41610544859223425,0.7177088373352113,0.7178732251077192,YKL029C YHR208W YOR142W YJL121C YDR035W YPL262W 
sol_187#[iMM904_peroxisome#glucose_aerobic#NONE#criticals_glucose_aerobic#BASE#fumarate#SPEA2GK_K20#PFBA#BPCY],6.0,0.0685770774561619,0.7243235212756026,-1.15,0.04319303497551038,0.419897693493103,0.7242504513192679,0.7244140539378685,YKL029C YHR208W YOR142W YDR035W YNL241C YPL262W 
sol_188#[iMM904_peroxisome#glucose_aerobic#NONE#criticals_glucose_aerobic#BASE#fumarate#SPEA2GK_K20#PFBA#BPCY],6.0,0.06841726687863152,0.7212920374936497,-1.15,0.04291202593620429,0.41814031159052156,0.7212189678865681,0.7213830605926769,YKL029C YHR208W YDR035W YOR323C YNL241C YPL262W 
sol_189#[iMM904_peroxisome#glucose_aerobic#NONE#criticals_glucose_aerobic#BASE#fumarate#SPEA2GK_K20#PFBA#BPCY],4.0,0.09351916328587573,0.03525868200458855,-1.15,0.002867271686636422,0.020439815654833944,0.034886647550793265,0.03539206380723292,YKL029C YHR208W YDR035W YPL262W 
sol_190#[iMM904_peroxisome#glucose_aerobic#NONE#criticals_glucose_aerobic#BASE#fumarate#SPEA2GK_K20#PFBA#BPCY],6.0,0.06882604532517243,0.717782285605671,-1.15,0.04295836184582764,0.4161056728148818,0.717709242321999,0.7178731207159912,YKL029C YJL121C YDR035W YLR142W YPL262W YIL125W 
sol_191#[iMM904_peroxisome#glucose_aerobic#NONE#criticals_glucose_aerobic#BASE#fumarate#SPEA2GK_K20#PFBA#BPCY],5.0,0.06857707284878879,0.7243231245917446,-1.15,0.04319300841842643,0.4198974635314462,0.7242500067151685,0.7244141630551466,YKL029C YDR035W YNL241C YPL262W YIL125W 
sol_192#[iMM904_peroxisome#glucose_aerobic#NONE#criticals_glucose_aerobic#BASE#fumarate#SPEA2GK_K20#PFBA#BPCY],6.0,0.06857706950262109,0.7243228364945588,-1.15,0.04319298913097653,0.4198972965185848,0.7242496712723336,0.7244142415043947,YKL029C YOR142W YDR035W YLR142W YNL241C YPL262W 
sol_193#[iMM904_peroxisome#glucose_aerobic#NONE#criticals_glucose_aerobic#BASE#fumarate#SPEA2GK_K20#PFBA#BPCY],5.0,0.06857706950262109,0.7243228364945588,-1.15,0.04319298913097653,0.4198972965185848,0.7242496712723336,0.7244142415043947,YKL029C YOR142W YDR035W YNL241C YPL262W 
sol_194#[iMM904_peroxisome#glucose_aerobic#NONE#criticals_glucose_aerobic#BASE#fumarate#SPEA2GK_K20#PFBA#BPCY],9.0,0.08504265513071985,0.20787653100040338,-1.15,0.015372497509250172,0.12050813391327733,0.20766437688179584,0.2081196744396719,YLR027C YDR050C YKL085W YHR208W YLR058C YLR303W YER081W YIL074C YPL262W 
sol_195#[iMM904_peroxisome#glucose_aerobic#NONE#criticals_glucose_aerobic#BASE#fumarate#SPEA2GK_K20#PFBA#BPCY],7.0,0.08709786163221521,0.19922629224189004,-1.15,0.015088855682768182,0.11549350274892177,0.19903058538245963,0.19925569738701143,YDR050C YLR438W YLR058C YLR303W YER081W YIL074C YPL262W 
sol_196#[iMM904_peroxisome#glucose_aerobic#NONE#criticals_glucose_aerobic#BASE#fumarate#SPEA2GK_K20#PFBA#BPCY],6.0,0.08712570998040653,0.19901605244062387,-1.15,0.015077752057727977,0.11537162460326023,0.19891009099382434,0.1991355942707956,YDR050C YLR058C YLR303W YER081W YIL074C YPL262W 
sol_197#[iMM904_peroxisome#glucose_aerobic#NONE#criticals_glucose_aerobic#BASE#fumarate#SPEA2GK_K20#PFBA#BPCY],8.0,0.07995513025454287,0.42203270409001004,-1.15,0.029342330284516265,0.24465664005217974,0.4219435698668584,0.4221470424391891,YKL029C YGR043C YLR377C YLR354C YGR244C YDR111C YFL030W YPL262W 
sol_198#[iMM904_peroxisome#glucose_aerobic#NONE#criticals_glucose_aerobic#BASE#fumarate#SPEA2GK_K20#PFBA#BPCY],8.0,0.07995512942428339,0.4220326291998086,-1.15,0.029342324772992437,0.24465659663757022,0.42194349151167465,0.4221470616642866,YKL029C YOR142W YGR043C YLR377C YLR354C YDR111C YFL030W YPL262W 
sol_199#[iMM904_peroxisome#glucose_aerobic#NONE#criticals_glucose_aerobic#BASE#fumarate#SPEA2GK_K20#PFBA#BPCY],10.0,0.07972785086886898,0.4232846635981839,-1.15,0.029345718725595986,0.24538241368010663,0.42319552813578165,0.42339885315252984,YKL029C YHR208W YNL104C YLR303W YDR300C YGR043C YDR148C YLR377C YLR354C YPL262W 
sol_200#[iMM904_peroxisome#glucose_aerobic#NONE#criticals_glucose_aerobic#BASE#fumarate#SPEA2GK_K20#PFBA#BPCY],11.0,0.07882170592173675,0.45081166826532665,-1.15,0.030898908471388802,0.26134009754511695,0.4506453836754549,0.45084912559332946,YLR134W YKL029C YGR087C YLR044C YGR043C YDR148C YER081W YLR377C YLR354C YIL074C YPL262W 
sol_201#[iMM904_peroxisome#glucose_aerobic#NONE#criticals_glucose_aerobic#BASE#fumarate#SPEA2GK_K20#PFBA#BPCY],10.0,0.07869429563834755,0.4533955093490689,-1.15,0.031025774133752005,0.2628379764342429,0.4533060655177566,0.45350939669776386,YKL029C YHR208W YNL277W YGR043C YDR148C YER081W YLR377C YLR354C YIL074C YPL262W 
sol_202#[iMM904_peroxisome#glucose_aerobic#NONE#criticals_glucose_aerobic#BASE#fumarate#SPEA2GK_K20#PFBA#BPCY],9.0,0.07889543176979572,0.4503500653806633,-1.15,0.0308961416137071,0.2610725016699498,0.45026065753378847,0.45046398750594535,YKL029C YGR043C YDR148C YER081W YLR377C YLR354C YIL074C YLR142W YPL262W 
sol_203#[iMM904_peroxisome#glucose_aerobic#NONE#criticals_glucose_aerobic#BASE#fumarate#SPEA2GK_K20#PFBA#BPCY],10.0,0.07868756309319148,0.453507030342873,-1.15,0.031030750489835415,0.2629026262857235,0.45334105247947487,0.453544394433292,YKL029C YLR438W YNL277W YGR043C YDR148C YER081W YLR377C YLR354C YIL074C YPL262W 
sol_204#[iMM904_peroxisome#glucose_aerobic#NONE#criticals_glucose_aerobic#BASE#fumarate#SPEA2GK_K20#PFBA#BPCY],8.0,0.07889543176979572,0.4503500653806633,-1.15,0.0308961416137071,0.2610725016699498,0.45026065753378847,0.45046398750594535,YKL029C YGR043C YDR148C YER081W YLR377C YLR354C YIL074C YPL262W 
sol_205#[iMM904_peroxisome#glucose_aerobic#NONE#criticals_glucose_aerobic#BASE#fumarate#SPEA2GK_K20#PFBA#BPCY],8.0,0.06731836438974506,0.7530233532106694,-1.15,0.044080261291672654,0.4365352772235765,0.7529499480227045,0.7531087149110105,YKL029C YHR208W YNL277W YDR148C YER081W YIL074C YNL241C YPL262W 
sol_206#[iMM904_peroxisome#glucose_aerobic#NONE#criticals_glucose_aerobic#BASE#fumarate#SPEA2GK_K20#PFBA#BPCY],7.0,0.06747860384417718,0.7503679853935803,-1.15,0.0440293774119363,0.43499593356149585,0.7502946233714028,0.7504533782240359,YKL029C YHR208W YDR148C YER081W YIL074C YNL241C YPL262W 
sol_207#[iMM904_peroxisome#glucose_aerobic#NONE#criticals_glucose_aerobic#BASE#fumarate#SPEA2GK_K20#PFBA#BPCY],6.0,0.067737490834655,0.7439183167534082,-1.15,0.043818400141579096,0.4312569952193671,0.7438450241107076,0.7440036055022067,YKL029C YJL121C YDR148C YER081W YIL074C YPL262W 
sol_208#[iMM904_peroxisome#glucose_aerobic#NONE#criticals_glucose_aerobic#BASE#fumarate#SPEA2GK_K20#PFBA#BPCY],7.0,0.06747261953053801,0.7504667310769447,-1.15,0.0440312662750272,0.43505317743591004,0.750330041482591,0.7504888138842869,YKL029C YLR438W YDR148C YER081W YIL074C YNL241C YPL262W 
sol_209#[iMM904_peroxisome#glucose_aerobic#NONE#criticals_glucose_aerobic#BASE#fumarate#SPEA2GK_K20#PFBA#BPCY],6.0,0.06749632006865705,0.7502632192401985,-1.15,0.04403478815789344,0.43493519955953536,0.7501898467644901,0.7503484552189306,YKL029C YDR148C YER081W YIL074C YNL241C YPL262W 
sol_210#[iMM904_peroxisome#glucose_aerobic#NONE#criticals_glucose_aerobic#BASE#fumarate#SPEA2GK_K20#PFBA#BPCY],9.0,0.08004006628411983,0.42156498968195494,-1.15,0.029340947580180847,0.24438550126490144,0.4214758717307855,0.4216791957025354,YKL029C YHR208W YML082W YLR303W YGR043C YDR148C YLR377C YLR354C YPL262W 
sol_211#[iMM904_peroxisome#glucose_aerobic#NONE#criticals_glucose_aerobic#BASE#fumarate#SPEA2GK_K20#PFBA#BPCY],8.0,0.07979968425071268,0.4228890126309407,-1.15,0.029344704070473664,0.24515305080054536,0.4227998945942138,0.4230032003752233,YKL029C YHR208W YNL104C YGR043C YDR148C YLR377C YLR354C YPL262W 
sol_212#[iMM904_peroxisome#glucose_aerobic#NONE#criticals_glucose_aerobic#BASE#fumarate#SPEA2GK_K20#PFBA#BPCY],7.0,0.08016716498068427,0.4208647719451688,-1.15,0.02933872661485775,0.2439795779392283,0.4207756271036739,0.42097918315332455,YKL029C YGR043C YDR148C YLR377C YLR354C YLR142W YPL262W 
sol_213#[iMM904_peroxisome#glucose_aerobic#NONE#criticals_glucose_aerobic#BASE#fumarate#SPEA2GK_K20#PFBA#BPCY],5.0,0.06885305112465968,0.7176122252658533,-1.15,0.042965035855574436,0.41600708711063966,0.7175391575786776,0.7177036474088349,YKL029C YHR208W YJL121C YDR148C YPL262W 
sol_214#[iMM904_peroxisome#glucose_aerobic#NONE#criticals_glucose_aerobic#BASE#fumarate#SPEA2GK_K20#PFBA#BPCY],5.0,0.06860389137134995,0.7241569072984843,-1.15,0.04319998417749387,0.4198011056802808,0.7240838219762527,0.7242476745114059,YKL029C YHR208W YDR148C YNL241C YPL262W 
sol_215#[iMM904_peroxisome#glucose_aerobic#NONE#criticals_glucose_aerobic#BASE#fumarate#SPEA2GK_K20#PFBA#BPCY],5.0,0.06887149563404202,0.7174964746010984,-1.15,0.04296961331993921,0.4159399852759991,0.717423405080999,0.7175878219033163,YKL029C YJL121C YDR148C YLR142W YPL262W 
sol_216#[iMM904_peroxisome#glucose_aerobic#NONE#criticals_glucose_aerobic#BASE#fumarate#SPEA2GK_K20#PFBA#BPCY],5.0,0.06884682397673877,0.7177149230594962,-1.15,0.04296729823770065,0.4160666220634761,0.7175786023880969,0.7177426881693287,YKL029C YLR438W YJL121C YDR148C YPL262W 
sol_217#[iMM904_peroxisome#glucose_aerobic#NONE#criticals_glucose_aerobic#BASE#fumarate#SPEA2GK_K20#PFBA#BPCY],4.0,0.06887149563404202,0.7174964746010984,-1.15,0.04296961331993921,0.4159399852759991,0.717423405080999,0.7175878219033163,YKL029C YJL121C YDR148C YPL262W 
sol_218#[iMM904_peroxisome#glucose_aerobic#NONE#criticals_glucose_aerobic#BASE#fumarate#SPEA2GK_K20#PFBA#BPCY],5.0,0.06862219952774802,0.7240430569779251,-1.15,0.04320471923706071,0.41973510549444937,0.7239699408964315,0.7241340916870203,YKL029C YDR148C YLR142W YNL241C YPL262W 
sol_219#[iMM904_peroxisome#glucose_aerobic#NONE#criticals_glucose_aerobic#BASE#fumarate#SPEA2GK_K20#PFBA#BPCY],5.0,0.0685977026842303,0.7242584192867214,-1.15,0.04320214235894011,0.4198599532096936,0.724121911027487,0.7242861365373446,YKL029C YLR438W YDR148C YNL241C YPL262W 
sol_220#[iMM904_peroxisome#glucose_aerobic#NONE#criticals_glucose_aerobic#BASE#fumarate#SPEA2GK_K20#PFBA#BPCY],4.0,0.06862219952774802,0.7240430569779251,-1.15,0.04320471923706071,0.41973510549444937,0.7239699408964315,0.7241340916870203,YKL029C YDR148C YNL241C YPL262W 
sol_221#[iMM904_peroxisome#glucose_aerobic#NONE#criticals_glucose_aerobic#BASE#fumarate#SPEA2GK_K20#PFBA#BPCY],9.0,0.0902806798651682,0.14104460334655608,-1.15,0.011072697983860923,0.08176498744727889,0.14080566024217997,0.1411322785252912,YKL029C YHR208W YML120C YKL192C YDR300C YER081W YIL074C YEL046C YPL262W 
sol_222#[iMM904_peroxisome#glucose_aerobic#NONE#criticals_glucose_aerobic#BASE#fumarate#SPEA2GK_K20#PFBA#BPCY],7.0,0.09028067733372583,0.141089224468594,-1.15,0.011076200651751958,0.08179085476440233,0.14080528677568863,0.14113239908191907,YKL029C YHR208W YDR300C YER081W YIL074C YEL046C YPL262W 
sol_223#[iMM904_peroxisome#glucose_aerobic#NONE#criticals_glucose_aerobic#BASE#fumarate#SPEA2GK_K20#PFBA#BPCY],5.0,0.09350817209113202,0.04003169635297983,-1.15,0.0032550354362385916,0.023206780494481064,0.03975516370932925,0.040069512398107035,YKL029C YHR208W YDR300C YEL046C YPL262W 
sol_224#[iMM904_peroxisome#glucose_aerobic#NONE#criticals_glucose_aerobic#BASE#fumarate#SPEA2GK_K20#PFBA#BPCY],11.0,0.06853649966434636,0.7246382668531826,-1.15,0.04318623507213537,0.42008015469749715,0.7245015619421216,0.7246660148607378,YLR134W YKL029C YGR087C YHR208W YLR044C YDR300C YER062C YIL053W YLR174W YNL241C YPL262W 
sol_225#[iMM904_peroxisome#glucose_aerobic#NONE#criticals_glucose_aerobic#BASE#fumarate#SPEA2GK_K20#PFBA#BPCY],8.0,0.06747860667867991,0.750368234504211,-1.15,0.044029393878508793,0.4349960779734557,0.7502948859836078,0.7504533236121307,YKL029C YHR208W YDR300C YER081W YIL074C YGR244C YNL241C YPL262W 
sol_226#[iMM904_peroxisome#glucose_aerobic#NONE#criticals_glucose_aerobic#BASE#fumarate#SPEA2GK_K20#PFBA#BPCY],8.0,0.06747860682810301,0.7503682476362893,-1.15,0.04402939474655809,0.4349960855862547,0.7502949079537052,0.7504533213448182,YKL029C YHR208W YOR142W YDR300C YER081W YIL074C YNL241C YPL262W 
sol_227#[iMM904_peroxisome#glucose_aerobic#NONE#criticals_glucose_aerobic#BASE#fumarate#SPEA2GK_K20#PFBA#BPCY],10.0,0.07425328749165087,0.035896012293252524,-1.15,0.002317736452708447,0.020809282488842045,0.03555613173774845,0.4535432774605396,YKL029C YHR208W YNL104C YLR303W YDR300C YGR043C YLR377C YLR354C YFL018C YPL262W 
sol_228#[iMM904_peroxisome#glucose_aerobic#NONE#criticals_glucose_aerobic#BASE#fumarate#SPEA2GK_K20#PFBA#BPCY],7.0,0.04711892054871666,0.3486424830122878,-1.15,0.014284919527794163,0.20211158435494947,0.3485940635826856,0.34870816519033054,YKL029C YHR208W YDR300C YGR043C YLR354C YGR240C YPL262W 
sol_229#[iMM904_peroxisome#glucose_aerobic#NONE#criticals_glucose_aerobic#BASE#fumarate#SPEA2GK_K20#PFBA#BPCY],10.0,0.07972784883579379,0.4232844796581384,-1.15,0.029345705224975385,0.24538230704819622,0.423195312365239,0.4233989060912718,YKL029C YHR208W YNL104C YLR303W YDR300C YGR043C YLR377C YLR354C YPL262W YIL125W 
sol_230#[iMM904_peroxisome#glucose_aerobic#NONE#criticals_glucose_aerobic#BASE#fumarate#SPEA2GK_K20#PFBA#BPCY],7.0,0.04711892054871666,0.3486424830122878,-1.15,0.014284919527794163,0.20211158435494947,0.3485940635826856,0.34870816519033054,YKL029C YHR208W YDR300C YMR205C YGR043C YLR354C YPL262W 
sol_231#[iMM904_peroxisome#glucose_aerobic#NONE#criticals_glucose_aerobic#BASE#fumarate#SPEA2GK_K20#PFBA#BPCY],6.0,0.06860388834602689,0.7241566469344776,-1.15,0.043199966740283584,0.4198009547446247,0.7240835166609202,0.7242477479218478,YKL029C YHR208W YDR300C YGR244C YNL241C YPL262W 
sol_232#[iMM904_peroxisome#glucose_aerobic#NONE#criticals_glucose_aerobic#BASE#fumarate#SPEA2GK_K20#PFBA#BPCY],6.0,0.06860389020431418,0.7241568068615195,-1.15,0.043199977450986464,0.41980104745595337,0.7240837096399977,0.7242477035768768,YKL029C YHR208W YOR142W YDR300C YNL241C YPL262W 
sol_233#[iMM904_peroxisome#glucose_aerobic#NONE#criticals_glucose_aerobic#BASE#fumarate#SPEA2GK_K20#PFBA#BPCY],5.0,0.06860389020431418,0.7241568068615195,-1.15,0.043199977450986464,0.41980104745595337,0.7240837096399977,0.7242477035768768,YKL029C YHR208W YDR300C YNL241C YPL262W 
sol_234#[iMM904_peroxisome#glucose_aerobic#NONE#criticals_glucose_aerobic#BASE#fumarate#SPEA2GK_K20#PFBA#BPCY],4.0,0.09354225216396975,0.035267284489998676,-1.15,0.0028686793207842744,0.020444802602897785,0.0348954102769264,0.035400696026283006,YKL029C YHR208W YDR300C YPL262W 
sol_235#[iMM904_peroxisome#glucose_aerobic#NONE#criticals_glucose_aerobic#BASE#fumarate#SPEA2GK_K20#PFBA#BPCY],6.0,0.06860388806847378,0.7241566230479873,-1.15,0.043199965140546165,0.419800940897384,0.7240834956359485,0.7242477566395277,YKL029C YHR208W YGR244C YDR403W YNL241C YPL262W 
sol_236#[iMM904_peroxisome#glucose_aerobic#NONE#criticals_glucose_aerobic#BASE#fumarate#SPEA2GK_K20#PFBA#BPCY],6.0,0.06860389020431418,0.7241568068616361,-1.15,0.04319997745099342,0.4198010474560209,0.7240837111317555,0.7242477035768725,YKL029C YHR208W YOR142W YDR403W YNL241C YPL262W 
sol_237#[iMM904_peroxisome#glucose_aerobic#NONE#criticals_glucose_aerobic#BASE#fumarate#SPEA2GK_K20#PFBA#BPCY],15.0,0.06741340860407818,0.750817343446363,-1.15,0.044013179444154935,0.43525643098339883,0.7506806665337723,0.75083942345869,YKL029C YLR134W YGR087C YHR208W YML120C YLR044C YER062C YIL053W YNL241C YPL262W YKL192C YER081W YIL074C YLR174W YEL046C 
sol_238#[iMM904_peroxisome#glucose_aerobic#NONE#criticals_glucose_aerobic#BASE#fumarate#SPEA2GK_K20#PFBA#BPCY],15.0,0.06740743591398188,0.7508527102131353,-1.15,0.0440113529952448,0.43527693345689006,0.7507160371809551,0.7508747875045225,YKL029C YLR134W YGR087C YML120C YLR044C YER062C YIL053W YNL241C YPL262W YLR438W YKL192C YER081W YIL074C YLR174W YEL046C 
sol_239#[iMM904_peroxisome#glucose_aerobic#NONE#criticals_glucose_aerobic#BASE#fumarate#SPEA2GK_K20#PFBA#BPCY],12.0,0.06743108922569792,0.7507126491777629,-1.15,0.04401858402570939,0.43519573865377564,0.7505759626997188,0.7507347283638977,YLR134W YKL029C YGR087C YLR044C YER081W YER062C YIL053W YIL074C YLR174W YNL241C YEL046C YPL262W 
sol_240#[iMM904_peroxisome#glucose_aerobic#NONE#criticals_glucose_aerobic#BASE#fumarate#SPEA2GK_K20#PFBA#BPCY],16.0,0.06741340874285426,0.7508173426246129,-1.15,0.04401317948658842,0.435256430507022,0.7506806825167225,0.7508394210789094,YKL029C YLR134W YGR087C YHR208W YML120C YLR044C YFL053W YNL241C YPL262W YKL192C YER081W YML070W YIL074C YOR323C YLR174W YEL046C 
sol_241#[iMM904_peroxisome#glucose_aerobic#NONE#criticals_glucose_aerobic#BASE#fumarate#SPEA2GK_K20#PFBA#BPCY],8.0,0.0877338747464363,0.17509926721894217,-1.15,0.01335838015511257,0.10150682157619836,0.1748597325078365,0.17517394036095618,YKL029C YHR208W YLR058C YLR303W YER081W YIL074C YEL046C YPL262W 
sol_242#[iMM904_peroxisome#glucose_aerobic#NONE#criticals_glucose_aerobic#BASE#fumarate#SPEA2GK_K20#PFBA#BPCY],7.0,0.08993810048468968,0.14962911839538628,-1.15,0.011702051031025897,0.08674151791036887,0.14938985090032975,0.14971679217315015,YKL029C YHR208W YLR303W YER081W YIL074C YEL046C YPL262W 
sol_243#[iMM904_peroxisome#glucose_aerobic#NONE#criticals_glucose_aerobic#BASE#fumarate#SPEA2GK_K20#PFBA#BPCY],7.0,0.08993810048468968,0.14962911839538628,-1.15,0.011702051031025897,0.08674151791036887,0.14938985090032975,0.14971679217315015,YKL029C YHR208W YNL277W YER081W YIL074C YEL046C YPL262W 
sol_244#[iMM904_peroxisome#glucose_aerobic#NONE#criticals_glucose_aerobic#BASE#fumarate#SPEA2GK_K20#PFBA#BPCY],6.0,0.0902806782067918,0.1410446007556876,-1.15,0.011072697577069265,0.08176498594532615,0.14080539632583072,0.14113235348302772,YKL029C YHR208W YER081W YIL074C YEL046C YPL262W 
sol_245#[iMM904_peroxisome#glucose_aerobic#NONE#criticals_glucose_aerobic#BASE#fumarate#SPEA2GK_K20#PFBA#BPCY],8.0,0.0899567164237202,0.14966008954696258,-1.15,0.011706895856804074,0.08675947220113774,0.14942082134215467,0.14974776118413982,YKL029C YNL277W YML120C YKL192C YER081W YIL074C YEL046C YPL262W 
sol_246#[iMM904_peroxisome#glucose_aerobic#NONE#criticals_glucose_aerobic#BASE#fumarate#SPEA2GK_K20#PFBA#BPCY],7.0,0.09029943626951845,0.1410739062894808,-1.15,0.011077299313286078,0.08178197466056858,0.14083474773922422,0.14116165912836384,YKL029C YML120C YKL192C YER081W YIL074C YEL046C YPL262W 
sol_247#[iMM904_peroxisome#glucose_aerobic#NONE#criticals_glucose_aerobic#BASE#fumarate#SPEA2GK_K20#PFBA#BPCY],6.0,0.0899567164237202,0.14970467322423744,-1.15,0.011710383336120372,0.08678531781115215,0.14942082134215467,0.1497477611841401,YKL029C YLR303W YER081W YIL074C YEL046C YPL262W 
sol_248#[iMM904_peroxisome#glucose_aerobic#NONE#criticals_glucose_aerobic#BASE#fumarate#SPEA2GK_K20#PFBA#BPCY],6.0,0.09028352718515928,0.14109363570472322,-1.15,0.011076896604174208,0.08179341200273811,0.14080987691742702,0.1411368058979087,YKL029C YLR438W YER081W YIL074C YEL046C YPL262W 
sol_249#[iMM904_peroxisome#glucose_aerobic#NONE#criticals_glucose_aerobic#BASE#fumarate#SPEA2GK_K20#PFBA#BPCY],6.0,0.0899567164237202,0.14970467322423744,-1.15,0.011710383336120372,0.08678531781115215,0.14942082134215462,0.1497477611841401,YKL029C YNL277W YER081W YIL074C YEL046C YPL262W 
sol_250#[iMM904_peroxisome#glucose_aerobic#NONE#criticals_glucose_aerobic#BASE#fumarate#SPEA2GK_K20#PFBA#BPCY],5.0,0.09029943626951845,0.14111848928020182,-1.15,0.011080800025398527,0.08180781987258078,0.14083474773922605,0.14116165912836384,YKL029C YER081W YIL074C YEL046C YPL262W 
sol_251#[iMM904_peroxisome#glucose_aerobic#NONE#criticals_glucose_aerobic#BASE#fumarate#SPEA2GK_K20#PFBA#BPCY],6.0,0.08775158944667649,0.17517283438820566,-1.15,0.013366690996038677,0.10154946921055401,0.1748950865549864,0.17520929501374274,YLR058C YLR303W YER081W YIL074C YEL046C YPL262W 
sol_252#[iMM904_peroxisome#glucose_aerobic#NONE#criticals_glucose_aerobic#BASE#fumarate#SPEA2GK_K20#PFBA#BPCY],4.0,0.09350817299317682,0.039993445589177425,-1.15,0.0032519252423878326,0.02318460613865358,0.03975527446346754,0.04006947752681908,YKL029C YHR208W YEL046C YPL262W 
sol_253#[iMM904_peroxisome#glucose_aerobic#NONE#criticals_glucose_aerobic#BASE#fumarate#SPEA2GK_K20#PFBA#BPCY],10.0,0.067413408708161,0.7508173428300456,-1.15,0.04401317947598026,0.43525643062611347,0.7506806780957871,0.7508394214123513,YKL029C YHR208W YPL061W YER081W YER062C YIL053W YIL074C YLR174W YNL241C YPL262W 
sol_254#[iMM904_peroxisome#glucose_aerobic#NONE#criticals_glucose_aerobic#BASE#fumarate#SPEA2GK_K20#PFBA#BPCY],10.0,0.0685365025855874,0.7246382487229298,-1.15,0.043186235832360524,0.42008014418720574,0.7245018534057178,0.7246659453438294,YLR134W YKL029C YGR087C YHR208W YLR044C YER062C YIL053W YLR174W YNL241C YPL262W 
sol_255#[iMM904_peroxisome#glucose_aerobic#NONE#criticals_glucose_aerobic#BASE#fumarate#SPEA2GK_K20#PFBA#BPCY],9.0,0.06733075515224306,0.06716781472477655,-1.15,0.0039325736411697015,0.03893786360856612,0.06701607831919387,0.4443186228509683,YKL029C YGR043C YER081W YLR377C YLR354C YIL074C YLR142W YFL018C YPL262W 
sol_256#[iMM904_peroxisome#glucose_aerobic#NONE#criticals_glucose_aerobic#BASE#fumarate#SPEA2GK_K20#PFBA#BPCY],13.0,0.06741340691794519,0.7508173534306534,-1.15,0.04401317892858723,0.4352564367713933,0.7506804933942517,0.7508394566152534,YKL029C YHR208W YPL061W YML120C YKL192C YER081W YML070W YFL053W YIL074C YOR323C YLR174W YNL241C YPL262W 
sol_257#[iMM904_peroxisome#glucose_aerobic#NONE#criticals_glucose_aerobic#BASE#fumarate#SPEA2GK_K20#PFBA#BPCY],11.0,0.07882170769113697,0.45081165902369125,-1.15,0.03089890853158427,0.26134009218764714,0.4506455749292926,0.4508490745580861,YLR134W YKL029C YGR087C YLR044C YGR043C YER081W YLR377C YLR354C YIL074C YPL262W YIL125W 
sol_258#[iMM904_peroxisome#glucose_aerobic#NONE#criticals_glucose_aerobic#BASE#fumarate#SPEA2GK_K20#PFBA#BPCY],10.0,0.07869429612406757,0.4533955540569264,-1.15,0.03102577738460127,0.2628380023518414,0.45330611227808093,0.45350938518623396,YKL029C YHR208W YLR303W YGR043C YER081W YLR377C YLR354C YIL074C YGR244C YPL262W 
sol_259#[iMM904_peroxisome#glucose_aerobic#NONE#criticals_glucose_aerobic#BASE#fumarate#SPEA2GK_K20#PFBA#BPCY],9.0,0.07889543086775012,0.45034998259853887,-1.15,0.03089613558121348,0.2610724536803124,0.45026056293475974,0.4504640108535329,YKL029C YGR043C YER081W YLR377C YLR354C YIL074C YLR142W YGR244C YPL262W 
sol_260#[iMM904_peroxisome#glucose_aerobic#NONE#criticals_glucose_aerobic#BASE#fumarate#SPEA2GK_K20#PFBA#BPCY],10.0,0.07868756343319447,0.45350702857564557,-1.15,0.031030750502996213,0.2629026252612438,0.4533410830602083,0.4535443864263043,YKL029C YLR438W YLR303W YGR043C YER081W YLR377C YLR354C YIL074C YGR244C YPL262W 
sol_261#[iMM904_peroxisome#glucose_aerobic#NONE#criticals_glucose_aerobic#BASE#fumarate#SPEA2GK_K20#PFBA#BPCY],10.0,0.07869429612406757,0.4533955540569264,-1.15,0.03102577738460127,0.2628380023518414,0.45330611227808093,0.45350938518623396,YKL029C YHR208W YNL277W YGR043C YER081W YLR377C YLR354C YIL074C YPL262W YIL125W 
sol_262#[iMM904_peroxisome#glucose_aerobic#NONE#criticals_glucose_aerobic#BASE#fumarate#SPEA2GK_K20#PFBA#BPCY],10.0,0.07869429612406757,0.4533955540569264,-1.15,0.03102577738460127,0.2628380023518414,0.45330611227808093,0.45350938518623396,YKL029C YHR208W YOR142W YLR303W YGR043C YER081W YLR377C YLR354C YIL074C YPL262W 
sol_263#[iMM904_peroxisome#glucose_aerobic#NONE#criticals_glucose_aerobic#BASE#fumarate#SPEA2GK_K20#PFBA#BPCY],9.0,0.07889543086775012,0.45034998259853887,-1.15,0.03089613558121348,0.2610724536803124,0.45026056293475974,0.4504640108535329,YKL029C YGR043C YER081W YLR377C YLR354C YIL074C YLR142W YPL262W YIL125W 
sol_264#[iMM904_peroxisome#glucose_aerobic#NONE#criticals_glucose_aerobic#BASE#fumarate#SPEA2GK_K20#PFBA#BPCY],10.0,0.07868756343319447,0.45350702857564557,-1.15,0.031030750502996213,0.2629026252612438,0.4533410830602083,0.4535443864263036,YKL029C YLR438W YNL277W YGR043C YER081W YLR377C YLR354C YIL074C YPL262W YIL125W 
sol_265#[iMM904_peroxisome#glucose_aerobic#NONE#criticals_glucose_aerobic#BASE#fumarate#SPEA2GK_K20#PFBA#BPCY],8.0,0.07889543086775012,0.45034998259853887,-1.15,0.03089613558121348,0.2610724536803124,0.45026056293475974,0.4504640108535329,YKL029C YGR043C YER081W YLR377C YLR354C YIL074C YPL262W YIL125W 
sol_266#[iMM904_peroxisome#glucose_aerobic#NONE#criticals_glucose_aerobic#BASE#fumarate#SPEA2GK_K20#PFBA#BPCY],9.0,0.0788954306741097,0.45034996482792977,-1.15,0.030896134286234504,0.26107244337851004,0.4502605531287829,0.45046401647398615,YKL029C YOR142W YGR043C YER081W YLR377C YLR354C YIL074C YLR142W YPL262W 
sol_267#[iMM904_peroxisome#glucose_aerobic#NONE#criticals_glucose_aerobic#BASE#fumarate#SPEA2GK_K20#PFBA#BPCY],10.0,0.07868756343319447,0.45350702857564557,-1.15,0.031030750502996213,0.2629026252612438,0.4533410830602083,0.4535443864263036,YKL029C YLR438W YOR142W YLR303W YGR043C YER081W YLR377C YLR354C YIL074C YPL262W 
sol_268#[iMM904_peroxisome#glucose_aerobic#NONE#criticals_glucose_aerobic#BASE#fumarate#SPEA2GK_K20#PFBA#BPCY],7.0,0.06767179072485646,0.7443752863952102,-1.15,0.04380279008842762,0.4315219051566436,0.7442384128025116,0.7443974614576508,YLR134W YGR087C YLR044C YJL121C YER081W YIL074C YPL262W 
sol_269#[iMM904_peroxisome#glucose_aerobic#NONE#criticals_glucose_aerobic#BASE#fumarate#SPEA2GK_K20#PFBA#BPCY],8.0,0.06727107243738492,0.7533654964079243,-1.15,0.044069308591899066,0.4367336211060431,0.7532285290749419,0.7533875835394017,YLR134W YGR087C YLR044C YLR303W YER081W YIL074C YNL241C YPL262W 
sol_270#[iMM904_peroxisome#glucose_aerobic#NONE#criticals_glucose_aerobic#BASE#fumarate#SPEA2GK_K20#PFBA#BPCY],7.0,0.06743109124489154,0.7507126372212828,-1.15,0.04401858464274911,0.4351957317224828,0.7505761722251092,0.7507346895381651,YLR134W YGR087C YLR044C YER081W YIL074C YNL241C YPL262W 
sol_271#[iMM904_peroxisome#glucose_aerobic#NONE#criticals_glucose_aerobic#BASE#fumarate#SPEA2GK_K20#PFBA#BPCY],7.0,0.06771964778704673,0.7440251275970825,-1.15,0.043813147465727766,0.43131891454903337,0.743951804382285,0.7441105756473078,YKL029C YHR208W YJL121C YER081W YIL074C YGR244C YPL262W 
sol_272#[iMM904_peroxisome#glucose_aerobic#NONE#criticals_glucose_aerobic#BASE#fumarate#SPEA2GK_K20#PFBA#BPCY],7.0,0.06747860489193612,0.7503680774759404,-1.15,0.044029383498713645,0.43499598694257413,0.7502947247320735,0.7504533583443669,YKL029C YHR208W YER081W YIL074C YGR244C YNL241C YPL262W 
sol_273#[iMM904_peroxisome#glucose_aerobic#NONE#criticals_glucose_aerobic#BASE#fumarate#SPEA2GK_K20#PFBA#BPCY],7.0,0.0677374849782936,0.7439178045908623,-1.15,0.04381836618570321,0.4312566983135434,0.7438444462717102,0.7440037210123293,YKL029C YJL121C YER081W YIL074C YLR142W YGR244C YPL262W 
sol_274#[iMM904_peroxisome#glucose_aerobic#NONE#criticals_glucose_aerobic#BASE#fumarate#SPEA2GK_K20#PFBA#BPCY],7.0,0.06747262111952355,0.7504667216679048,-1.15,0.04403126675992129,0.43505317198139415,0.75033020822775,0.7504887826351816,YKL029C YLR438W YER081W YIL074C YGR244C YNL241C YPL262W 
sol_275#[iMM904_peroxisome#glucose_aerobic#NONE#criticals_glucose_aerobic#BASE#fumarate#SPEA2GK_K20#PFBA#BPCY],7.0,0.06733599525137908,0.7529194158641791,-1.15,0.04408572018374042,0.43647502368937924,0.752846021395821,0.7530047631101433,YKL029C YNL277W YER081W YIL074C YGR244C YNL241C YPL262W 
sol_276#[iMM904_peroxisome#glucose_aerobic#NONE#criticals_glucose_aerobic#BASE#fumarate#SPEA2GK_K20#PFBA#BPCY],8.0,0.0673183644660724,0.7530233599377579,-1.15,0.04408026173544036,0.43653528112333795,0.7529499714713173,0.753108715779355,YKL029C YHR208W YNL277W YER081W YIL074C YNL241C YPL262W YIL125W 
sol_277#[iMM904_peroxisome#glucose_aerobic#NONE#criticals_glucose_aerobic#BASE#fumarate#SPEA2GK_K20#PFBA#BPCY],7.0,0.06747860395866426,0.7503679954552701,-1.15,0.044029378077028655,0.43499593939435954,0.7502946303034013,0.7504533777508754,YKL029C YHR208W YER081W YIL074C YNL241C YPL262W YIL125W 
sol_278#[iMM904_peroxisome#glucose_aerobic#NONE#criticals_glucose_aerobic#BASE#fumarate#SPEA2GK_K20#PFBA#BPCY],7.0,0.06771964782521196,0.7440251309357693,-1.15,0.04381314768702393,0.43131891648450393,0.7439518221974298,0.7441105760689749,YKL029C YHR208W YOR142W YJL121C YER081W YIL074C YPL262W 
sol_279#[iMM904_peroxisome#glucose_aerobic#NONE#criticals_glucose_aerobic#BASE#fumarate#SPEA2GK_K20#PFBA#BPCY],7.0,0.06747860395866426,0.7503679954552701,-1.15,0.044029378077028655,0.43499593939435954,0.7502946303034013,0.7504533777508754,YKL029C YHR208W YOR142W YER081W YIL074C YNL241C YPL262W 
sol_280#[iMM904_peroxisome#glucose_aerobic#NONE#criticals_glucose_aerobic#BASE#fumarate#SPEA2GK_K20#PFBA#BPCY],6.0,0.0677374849782936,0.7439178045908623,-1.15,0.04381836618570321,0.4312566983135434,0.7438444462717102,0.7440037210123293,YKL029C YJL121C YER081W YIL074C YPL262W YIL125W 
sol_281#[iMM904_peroxisome#glucose_aerobic#NONE#criticals_glucose_aerobic#BASE#fumarate#SPEA2GK_K20#PFBA#BPCY],7.0,0.06747262111952355,0.7504667216679048,-1.15,0.04403126675992129,0.43505317198139415,0.75033020822775,0.7504887826351816,YKL029C YLR438W YER081W YIL074C YNL241C YPL262W YIL125W 
sol_282#[iMM904_peroxisome#glucose_aerobic#NONE#criticals_glucose_aerobic#BASE#fumarate#SPEA2GK_K20#PFBA#BPCY],6.0,0.06749632076254339,0.7502632802053457,-1.15,0.044034792188780855,0.4349352349016497,0.7501899339998386,0.7503484408209488,YKL029C YER081W YIL074C YNL241C YPL262W YIL125W 
sol_283#[iMM904_peroxisome#glucose_aerobic#NONE#criticals_glucose_aerobic#BASE#fumarate#SPEA2GK_K20#PFBA#BPCY],7.0,0.0677374849782936,0.7439178045908623,-1.15,0.04381836618570321,0.4312566983135434,0.7438444462717102,0.7440037210123293,YKL029C YOR142W YJL121C YER081W YIL074C YLR142W YPL262W 
sol_284#[iMM904_peroxisome#glucose_aerobic#NONE#criticals_glucose_aerobic#BASE#fumarate#SPEA2GK_K20#PFBA#BPCY],5.0,0.06757601905604957,0.7465990561629063,-1.15,0.04387147134477669,0.43281104705096024,0.7465257206516305,0.7466845166458943,YLR303W YJL121C YER081W YIL074C YPL262W 
sol_285#[iMM904_peroxisome#glucose_aerobic#NONE#criticals_glucose_aerobic#BASE#fumarate#SPEA2GK_K20#PFBA#BPCY],5.0,0.06743803063813518,0.7457133931507665,-1.15,0.04372995013440795,0.43229761921783566,0.7456400934661587,0.7457985365361809,YNL104C YJL121C YER081W YIL074C YPL262W 
sol_286#[iMM904_peroxisome#glucose_aerobic#NONE#criticals_glucose_aerobic#BASE#fumarate#SPEA2GK_K20#PFBA#BPCY],4.0,0.0677374849782936,0.7439178045908623,-1.15,0.04381836618570321,0.4312566983135434,0.7438444462717102,0.7440037210123293,YJL121C YER081W YIL074C YPL262W 
sol_287#[iMM904_peroxisome#glucose_aerobic#NONE#criticals_glucose_aerobic#BASE#fumarate#SPEA2GK_K20#PFBA#BPCY],7.0,0.06747262111952355,0.7504667216679048,-1.15,0.04403126675992129,0.43505317198139415,0.75033020822775,0.7504887826351816,YKL029C YLR438W YOR142W YER081W YIL074C YNL241C YPL262W 
sol_288#[iMM904_peroxisome#glucose_aerobic#NONE#criticals_glucose_aerobic#BASE#fumarate#SPEA2GK_K20#PFBA#BPCY],7.0,0.06733599525137908,0.7529194158641791,-1.15,0.04408572018374042,0.43647502368937924,0.752846021395821,0.7530047622952359,YKL029C YNL277W YOR142W YER081W YIL074C YNL241C YPL262W 
sol_289#[iMM904_peroxisome#glucose_aerobic#NONE#criticals_glucose_aerobic#BASE#fumarate#SPEA2GK_K20#PFBA#BPCY],6.0,0.06733599525137908,0.7529827073848359,-1.15,0.04408942609463989,0.43651171442599185,0.7528460212794039,0.7530047622952359,YKL106W YLR303W YER081W YIL074C YNL241C YPL262W 
sol_290#[iMM904_peroxisome#glucose_aerobic#NONE#criticals_glucose_aerobic#BASE#fumarate#SPEA2GK_K20#PFBA#BPCY],5.0,0.06749632076254339,0.7503263862857315,-1.15,0.04403849603942763,0.434971818136656,0.7501899338834256,0.7503484408209488,YKL106W YER081W YIL074C YNL241C YPL262W 
sol_291#[iMM904_peroxisome#glucose_aerobic#NONE#criticals_glucose_aerobic#BASE#fumarate#SPEA2GK_K20#PFBA#BPCY],5.0,0.06733599525137908,0.7529194158641791,-1.15,0.04408572018374042,0.43647502368937924,0.7528460212794039,0.7530047631101433,YLR303W YER081W YIL074C YNL241C YPL262W 
sol_292#[iMM904_peroxisome#glucose_aerobic#NONE#criticals_glucose_aerobic#BASE#fumarate#SPEA2GK_K20#PFBA#BPCY],5.0,0.06733599525137908,0.7529194158641791,-1.15,0.04408572018374042,0.43647502368937924,0.7528460212794039,0.7530047631101433,YNL277W YER081W YIL074C YNL241C YPL262W 
sol_293#[iMM904_peroxisome#glucose_aerobic#NONE#criticals_glucose_aerobic#BASE#fumarate#SPEA2GK_K20#PFBA#BPCY],4.0,0.06749632076254339,0.7502632802053457,-1.15,0.044034792188780855,0.4349352349016497,0.7501899338834256,0.7503484408209488,YER081W YIL074C YNL241C YPL262W 
sol_294#[iMM904_peroxisome#glucose_aerobic#NONE#criticals_glucose_aerobic#BASE#fumarate#SPEA2GK_K20#PFBA#BPCY],12.0,0.05516805686881387,0.6223376723905337,-1.15,0.029854921827866282,0.3607754622553819,0.622181804177937,0.622358366950213,YLR134W YKL029C YGR087C YHR208W YLR058C YLR044C YJL121C YML070W YFL053W YLR174W YNL241C YPL262W 
sol_295#[iMM904_peroxisome#glucose_aerobic#NONE#criticals_glucose_aerobic#BASE#fumarate#SPEA2GK_K20#PFBA#BPCY],9.0,0.08004006630493778,0.42156499155767185,-1.15,0.029340947718362258,0.24438550235227355,0.42147588011837456,0.42167919496598083,YKL029C YHR208W YML082W YLR303W YGR043C YLR377C YLR354C YPL262W YIL125W 
sol_296#[iMM904_peroxisome#glucose_aerobic#NONE#criticals_glucose_aerobic#BASE#fumarate#SPEA2GK_K20#PFBA#BPCY],8.0,0.07979968421254793,0.4228890091813107,-1.15,0.029344703817065984,0.24515304880075986,0.4227998750592438,0.42300320018657356,YKL029C YHR208W YNL104C YGR043C YLR377C YLR354C YPL262W YIL125W 
sol_297#[iMM904_peroxisome#glucose_aerobic#NONE#criticals_glucose_aerobic#BASE#fumarate#SPEA2GK_K20#PFBA#BPCY],7.0,0.08016716667375597,0.42086492423332933,-1.15,0.02933873785056608,0.24397966622221992,0.42077582093934074,0.42097913909400364,YKL029C YGR043C YLR377C YLR354C YLR142W YPL262W YIL125W 
sol_298#[iMM904_peroxisome#glucose_aerobic#NONE#criticals_glucose_aerobic#BASE#fumarate#SPEA2GK_K20#PFBA#BPCY],5.0,0.08013951207304794,0.4210937713382344,-1.15,0.029344564671344105,0.2441123312105707,0.4209281466052184,0.421131455726345,YLR438W YGR043C YLR377C YLR354C YPL262W 
sol_299#[iMM904_peroxisome#glucose_aerobic#NONE#criticals_glucose_aerobic#BASE#fumarate#SPEA2GK_K20#PFBA#BPCY],4.0,0.08016716667375597,0.42086492423332933,-1.15,0.02933873785056608,0.24397966622221992,0.42077582093934074,0.42097913909400364,YGR043C YLR377C YLR354C YPL262W 
sol_300#[iMM904_peroxisome#glucose_aerobic#NONE#criticals_glucose_aerobic#BASE#fumarate#SPEA2GK_K20#PFBA#BPCY],5.0,0.06855477795794078,0.7245248253048076,-1.15,0.04319099002068427,0.4200143914810479,0.7243885034263616,0.7245525099212485,YLR134W YGR087C YLR044C YNL241C YPL262W 
sol_301#[iMM904_peroxisome#glucose_aerobic#NONE#criticals_glucose_aerobic#BASE#fumarate#SPEA2GK_K20#PFBA#BPCY],5.0,0.06860389088563441,0.7241568654970606,-1.15,0.04319998137795077,0.4198010814475714,0.7240837798501975,0.7242476869756757,YKL029C YHR208W YGR244C YNL241C YPL262W 
sol_302#[iMM904_peroxisome#glucose_aerobic#NONE#criticals_glucose_aerobic#BASE#fumarate#SPEA2GK_K20#PFBA#BPCY],5.0,0.06887149740170694,0.7174966259670058,-1.15,0.0429696234878436,0.4159400730243512,0.7174235741525951,0.7175877808463677,YKL029C YJL121C YLR142W YGR244C YPL262W 
sol_303#[iMM904_peroxisome#glucose_aerobic#NONE#criticals_glucose_aerobic#BASE#fumarate#SPEA2GK_K20#PFBA#BPCY],5.0,0.06862219997877117,0.7240430957825797,-1.15,0.04320472183655718,0.4197351279899013,0.7239699878696655,0.7241340815345733,YKL029C YLR142W YGR244C YNL241C YPL262W 
sol_304#[iMM904_peroxisome#glucose_aerobic#NONE#criticals_glucose_aerobic#BASE#fumarate#SPEA2GK_K20#PFBA#BPCY],5.0,0.06885305555509608,0.7176126047550947,-1.15,0.04296506134107804,0.41600730710440276,0.7175395856408014,0.7177035430413032,YKL029C YHR208W YJL121C YPL262W YIL125W 
sol_305#[iMM904_peroxisome#glucose_aerobic#NONE#criticals_glucose_aerobic#BASE#fumarate#SPEA2GK_K20#PFBA#BPCY],5.0,0.06860388790194272,0.7241566087160215,-1.15,0.04319996418069994,0.419800932588998,0.7240834967089735,0.7242477595553419,YKL029C YHR208W YNL241C YPL262W YIL125W 
sol_306#[iMM904_peroxisome#glucose_aerobic#NONE#criticals_glucose_aerobic#BASE#fumarate#SPEA2GK_K20#PFBA#BPCY],5.0,0.06860388948621486,0.7241567450608167,-1.15,0.04319997331204291,0.419801011629459,0.7240836427276295,0.7242477209216999,YKL029C YHR208W YOR142W YNL241C YPL262W 
sol_307#[iMM904_peroxisome#glucose_aerobic#NONE#criticals_glucose_aerobic#BASE#fumarate#SPEA2GK_K20#PFBA#BPCY],5.0,0.06860388948621486,0.7241567450608167,-1.15,0.04319997331204291,0.419801011629459,0.7240836427276295,0.7242477209216999,YKL029C YHR208W YOR323C YNL241C YPL262W 
sol_308#[iMM904_peroxisome#glucose_aerobic#NONE#criticals_glucose_aerobic#BASE#fumarate#SPEA2GK_K20#PFBA#BPCY],5.0,0.06887149990488237,0.7174968403150394,-1.15,0.042969637886530986,0.4159401972840808,0.7174238186712711,0.7175877236446767,YKL029C YJL121C YLR142W YPL262W YIL125W 
sol_309#[iMM904_peroxisome#glucose_aerobic#NONE#criticals_glucose_aerobic#BASE#fumarate#SPEA2GK_K20#PFBA#BPCY],5.0,0.06884682355347083,0.717714925717168,-1.15,0.04296729813264547,0.4160666236041554,0.7175785616139214,0.7177426972949746,YKL029C YLR438W YJL121C YPL262W YIL125W 
sol_310#[iMM904_peroxisome#glucose_aerobic#NONE#criticals_glucose_aerobic#BASE#fumarate#SPEA2GK_K20#PFBA#BPCY],4.0,0.06887149990488237,0.7174968403150452,-1.15,0.04296963788653134,0.4159401972840842,0.7174238186712711,0.7175877236446767,YKL029C YJL121C YPL262W YIL125W 
sol_311#[iMM904_peroxisome#glucose_aerobic#NONE#criticals_glucose_aerobic#BASE#fumarate#SPEA2GK_K20#PFBA#BPCY],5.0,0.06862220048183451,0.7240431390646649,-1.15,0.04320472473599323,0.4197351530809652,0.7239700353415117,0.7241340674021649,YKL029C YLR142W YNL241C YPL262W YIL125W 
sol_312#[iMM904_peroxisome#glucose_aerobic#NONE#criticals_glucose_aerobic#BASE#fumarate#SPEA2GK_K20#PFBA#BPCY],5.0,0.0685977024361646,0.7242584208263023,-1.15,0.0432021422945471,0.4198599541022043,0.7241218875915705,0.724286141440663,YKL029C YLR438W YNL241C YPL262W YIL125W 
sol_313#[iMM904_peroxisome#glucose_aerobic#NONE#criticals_glucose_aerobic#BASE#fumarate#SPEA2GK_K20#PFBA#BPCY],4.0,0.06862219861876019,0.7240429787714893,-1.15,0.04320471399806601,0.4197350601573851,0.723969858439342,0.7241341144587337,YKL029C YNL241C YPL262W YIL125W 
sol_314#[iMM904_peroxisome#glucose_aerobic#NONE#criticals_glucose_aerobic#BASE#fumarate#SPEA2GK_K20#PFBA#BPCY],5.0,0.06887149776772819,0.7174966573096205,-1.15,0.04296962559326258,0.41594009119398295,0.717423604037129,0.7175877739025397,YKL029C YOR142W YJL121C YLR142W YPL262W 
sol_315#[iMM904_peroxisome#glucose_aerobic#NONE#criticals_glucose_aerobic#BASE#fumarate#SPEA2GK_K20#PFBA#BPCY],2.0,0.06887149637728888,0.7174965382456545,-1.15,0.04296961759521993,0.415940022171394,0.7174234757145739,0.7175878057855043,YJL121C YPL262W 
sol_316#[iMM904_peroxisome#glucose_aerobic#NONE#criticals_glucose_aerobic#BASE#fumarate#SPEA2GK_K20#PFBA#BPCY],5.0,0.06862219861876019,0.7240429787714215,-1.15,0.043204713998061965,0.41973506015734585,0.7239698584393387,0.7241341143423206,YKL029C YOR142W YLR142W YNL241C YPL262W 
sol_317#[iMM904_peroxisome#glucose_aerobic#NONE#criticals_glucose_aerobic#BASE#fumarate#SPEA2GK_K20#PFBA#BPCY],3.0,0.0686222003673441,0.7241063780094648,-1.15,0.043208498225249824,0.4197718133388202,0.723970028470824,0.7241340722274464,YKL106W YNL241C YPL262W 
sol_318#[iMM904_peroxisome#glucose_aerobic#NONE#criticals_glucose_aerobic#BASE#fumarate#SPEA2GK_K20#PFBA#BPCY],4.0,0.0686222003673441,0.7240431292142208,-1.15,0.04320472407611919,0.4197351473705628,0.723970028470824,0.7241340721110311,YML120C YKL192C YNL241C YPL262W 
sol_319#[iMM904_peroxisome#glucose_aerobic#NONE#criticals_glucose_aerobic#BASE#fumarate#SPEA2GK_K20#PFBA#BPCY],2.0,0.06862219906964433,0.7240430175641087,-1.15,0.043204716596756745,0.4197350826458602,0.7239699048904532,0.7241341032811298,YNL241C YPL262W 